sample_id,scene_id,actual_date,path,node_id,label,severity,purpose,tabular_key
KAL00004,S1A_IW_GRDH_1SSV_20151119T002508_20151119T002523_008666_00C51D_rtc,2015-11-19,data/images/KAL00004.npy,KAL_AGA,1,high,flood_peak,KAL_AGA_2015-11-14
KAL00002,S1A_IW_GRDH_1SSV_20151119T002508_20151119T002523_008666_00C51D_rtc,2015-11-19,data/images/KAL00002.npy,KAL_AGA,1,high,flood_peak,KAL_AGA_2015-11-09
KAL00005,S1A_IW_GRDH_1SSV_20151119T002508_20151119T002523_008666_00C51D_rtc,2015-11-19,data/images/KAL00005.npy,KAL_AGA,1,high,pre_event,KAL_AGA_2015-11-10
KAL00007,S1A_IW_GRDH_1SSV_20160505T002508_20160505T002522_011116_010C15_rtc,2016-05-05,data/images/KAL00007.npy,KAL_AGA,1,severe,pre_event,KAL_AGA_2016-05-12
KAL00006,S1A_IW_GRDH_1SSV_20160522T125651_20160522T125720_011372_01146A_rtc,2016-05-22,data/images/KAL00006.npy,KAL_AGA,1,severe,flood_peak,KAL_AGA_2016-05-15
KAL00009,S1A_IW_GRDH_1SDV_20171202T002518_20171202T002543_019516_0211F7_rtc,2017-12-02,data/images/KAL00009.npy,KAL_AGA,1,high,pre_event,KAL_AGA_2017-11-28
KAL00008,S1A_IW_GRDH_1SDV_20171202T002518_20171202T002543_019516_0211F7_rtc,2017-12-02,data/images/KAL00008.npy,KAL_AGA,1,high,flood_peak,KAL_AGA_2017-12-01
KAL00011,S1A_IW_GRDH_1SDV_20191017T002531_20191017T002557_029491_035B01_rtc,2019-10-17,data/images/KAL00011.npy,KAL_AGA,1,high,pre_event,KAL_AGA_2019-10-17
KAL00010,S1A_IW_GRDH_1SDV_20191017T002531_20191017T002557_029491_035B01_rtc,2019-10-17,data/images/KAL00010.npy,KAL_AGA,1,high,flood_peak,KAL_AGA_2019-10-21
KAL00012,S1A_IW_GRDH_1SDV_20231101T002554_20231101T002620_051016_0626C0_rtc,2023-11-01,data/images/KAL00012.npy,KAL_AGA,1,high,flood_peak,KAL_AGA_2023-11-05
KAL00013,S1A_IW_GRDH_1SDV_20231101T002554_20231101T002620_051016_0626C0_rtc,2023-11-01,data/images/KAL00013.npy,KAL_AGA,1,high,pre_event,KAL_AGA_2023-11-02
KAL00014,S1A_IW_GRDH_1SDV_20231113T002554_20231113T002620_051191_062CC5_rtc,2023-11-13,data/images/KAL00014.npy,KAL_AGA,1,high,flood_peak,KAL_AGA_2023-11-14
KAL00015,S1A_IW_GRDH_1SDV_20231101T002554_20231101T002620_051016_0626C0_rtc,2023-11-01,data/images/KAL00015.npy,KAL_AGA,1,high,pre_event,KAL_AGA_2023-11-06
KAL00018,S1A_IW_GRDH_1SDV_20231125T002553_20231125T002619_051366_0632CF_rtc,2023-11-25,data/images/KAL00018.npy,KAL_AGA,1,high,flood_peak,KAL_AGA_2023-12-01
KAL00016,S1A_IW_GRDH_1SDV_20231125T002553_20231125T002619_051366_0632CF_rtc,2023-11-25,data/images/KAL00016.npy,KAL_AGA,1,high,flood_peak,KAL_AGA_2023-11-25
KAL00017,S1A_IW_GRDH_1SDV_20231125T002553_20231125T002619_051366_0632CF_rtc,2023-11-25,data/images/KAL00017.npy,KAL_AGA,1,high,pre_event,KAL_AGA_2023-11-21
KAL00019,S1A_IW_GRDH_1SDV_20231125T002553_20231125T002619_051366_0632CF_rtc,2023-11-25,data/images/KAL00019.npy,KAL_AGA,1,high,pre_event,KAL_AGA_2023-11-27
KAL00021,S1A_IW_GRDH_1SDV_20231207T002553_20231207T002619_051541_0638D1_rtc,2023-12-07,data/images/KAL00021.npy,KAL_AGA,1,high,pre_event,KAL_AGA_2023-12-08
KAL00022,S1A_IW_GRDH_1SDV_20240523T002552_20240523T002617_053991_069047_rtc,2024-05-23,data/images/KAL00022.npy,KAL_AGA,1,high,flood_peak,KAL_AGA_2024-05-27
KAL00023,S1A_IW_GRDH_1SDV_20240523T002552_20240523T002617_053991_069047_rtc,2024-05-23,data/images/KAL00023.npy,KAL_AGA,1,high,pre_event,KAL_AGA_2024-05-20
KAL00020,S1A_IW_GRDH_1SDV_20231219T002553_20231219T002618_051716_063EF0_rtc,2023-12-19,data/images/KAL00020.npy,KAL_AGA,1,high,flood_peak,KAL_AGA_2023-12-21
KAL00026,S1A_IW_GRDH_1SDV_20251126T002540_20251126T002605_062041_07C2FF_rtc,2025-11-26,data/images/KAL00026.npy,KAL_AGA,1,severe,flood_peak,KAL_AGA_2025-11-29
KAL00027,S1A_IW_GRDH_1SDV_20251126T002540_20251126T002605_062041_07C2FF_rtc,2025-11-26,data/images/KAL00027.npy,KAL_AGA,1,severe,pre_event,KAL_AGA_2025-11-24
KAL00024,S1A_IW_GRDH_1SDV_20240604T002551_20240604T002617_054166_069654_rtc,2024-06-04,data/images/KAL00024.npy,KAL_AGA,1,high,flood_peak,KAL_AGA_2024-06-04
KAL00025,S1A_IW_GRDH_1SDV_20240604T002551_20240604T002617_054166_069654_rtc,2024-06-04,data/images/KAL00025.npy,KAL_AGA,1,high,pre_event,KAL_AGA_2024-06-01
KAL00028,S1A_IW_GRDH_1SSV_20151014T124854_20151014T124922_008149_00B70A_rtc,2015-10-14,data/images/KAL00028.npy,KAL_BAL,1,severe,flood_peak,KAL_BAL_2015-10-24
KAL00029,S1A_IW_GRDH_1SSV_20151014T124854_20151014T124922_008149_00B70A_rtc,2015-10-14,data/images/KAL00029.npy,KAL_BAL,1,severe,pre_event,KAL_BAL_2015-10-20
KAL00031,S1A_IW_GRDH_1SSV_20151107T124853_20151107T124922_008499_00C064_rtc,2015-11-07,data/images/KAL00031.npy,KAL_BAL,1,high,pre_event,KAL_BAL_2015-11-10
KAL00030,S1A_IW_GRDH_1SSV_20151107T124853_20151107T124922_008499_00C064_rtc,2015-11-07,data/images/KAL00030.npy,KAL_BAL,1,high,flood_peak,KAL_BAL_2015-11-13
KAL00032,S1A_IW_GRDH_1SSV_20160517T124848_20160517T124917_011299_0111FA_rtc,2016-05-17,data/images/KAL00032.npy,KAL_BAL,1,severe,flood_peak,KAL_BAL_2016-05-15
KAL00033,S1A_IW_GRDH_1SSV_20160505T002508_20160505T002522_011116_010C15_rtc,2016-05-05,data/images/KAL00033.npy,KAL_BAL,1,severe,pre_event,KAL_BAL_2016-05-11
KAL00036,S1A_IW_GRDH_1SDV_20231020T124931_20231020T125000_050849_062104_rtc,2023-10-20,data/images/KAL00036.npy,KAL_BAL,1,high,flood_peak,KAL_BAL_2023-10-26
KAL00037,S1A_IW_GRDH_1SDV_20231020T124931_20231020T125000_050849_062104_rtc,2023-10-20,data/images/KAL00037.npy,KAL_BAL,1,high,pre_event,KAL_BAL_2023-10-23
KAL00034,S1A_IW_GRDH_1SDV_20181103T124907_20181103T124936_024424_02AD1E_rtc,2018-11-03,data/images/KAL00034.npy,KAL_BAL,1,high,flood_peak,KAL_BAL_2018-11-06
KAL00035,S1A_IW_GRDH_1SDV_20181103T124907_20181103T124936_024424_02AD1E_rtc,2018-11-03,data/images/KAL00035.npy,KAL_BAL,1,high,pre_event,KAL_BAL_2018-11-02
KAL00038,S1A_IW_GRDH_1SDV_20231113T124931_20231113T125000_051199_062D0C_rtc,2023-11-13,data/images/KAL00038.npy,KAL_BAL,1,high,flood_peak,KAL_BAL_2023-11-14
KAL00040,S1A_IW_GRDH_1SDV_20231125T002553_20231125T002619_051366_0632CF_rtc,2023-11-25,data/images/KAL00040.npy,KAL_BAL,1,high,flood_peak,KAL_BAL_2023-11-23
KAL00041,S1A_IW_GRDH_1SDV_20231125T002553_20231125T002619_051366_0632CF_rtc,2023-11-25,data/images/KAL00041.npy,KAL_BAL,1,high,pre_event,KAL_BAL_2023-11-20
KAL00039,S1A_IW_GRDH_1SDV_20231101T124930_20231101T124959_051024_062707_rtc,2023-11-01,data/images/KAL00039.npy,KAL_BAL,1,high,pre_event,KAL_BAL_2023-11-02
KAL00043,S1A_IW_GRDH_1SDV_20231207T124930_20231207T124959_051549_063915_rtc,2023-12-07,data/images/KAL00043.npy,KAL_BAL,1,high,pre_event,KAL_BAL_2023-12-13
KAL00044,S1A_IW_GRDH_1SDV_20240523T124928_20240523T124957_053999_06908D_rtc,2024-05-23,data/images/KAL00044.npy,KAL_BAL,1,high,flood_peak,KAL_BAL_2024-05-26
KAL00042,S1A_IW_GRDH_1SDV_20231219T002553_20231219T002618_051716_063EF0_rtc,2023-12-19,data/images/KAL00042.npy,KAL_BAL,1,high,flood_peak,KAL_BAL_2023-12-19
KAL00046,S1A_IW_GRDH_1SDV_20251126T124916_20251126T124945_062049_07C34E_rtc,2025-11-26,data/images/KAL00046.npy,KAL_BAL,1,severe,flood_peak,KAL_BAL_2025-11-29
KAL00045,S1A_IW_GRDH_1SDV_20240523T002552_20240523T002617_053991_069047_rtc,2024-05-23,data/images/KAL00045.npy,KAL_BAL,1,high,pre_event,KAL_BAL_2024-05-21
KAL00052,S1A_IW_GRDH_1SSV_20151119T002508_20151119T002523_008666_00C51D_rtc,2015-11-19,data/images/KAL00052.npy,KAL_BUL,1,high,flood_peak,KAL_BUL_2015-11-08
KAL00054,S1A_IW_GRDH_1SSV_20160522T125651_20160522T125720_011372_01146A_rtc,2016-05-22,data/images/KAL00054.npy,KAL_BUL,1,severe,flood_peak,KAL_BUL_2016-05-15
KAL00047,S1A_IW_GRDH_1SDV_20251126T002540_20251126T002605_062041_07C2FF_rtc,2025-11-26,data/images/KAL00047.npy,KAL_BAL,1,severe,pre_event,KAL_BAL_2025-11-23
KAL00055,S1A_IW_GRDH_1SSV_20160505T002508_20160505T002522_011116_010C15_rtc,2016-05-05,data/images/KAL00055.npy,KAL_BUL,1,severe,pre_event,KAL_BUL_2016-05-11
KAL00057,S1A_IW_GRDH_1SDV_20191017T002531_20191017T002557_029491_035B01_rtc,2019-10-17,data/images/KAL00057.npy,KAL_BUL,1,high,pre_event,KAL_BUL_2019-10-17
KAL00056,S1A_IW_GRDH_1SDV_20191017T002531_20191017T002557_029491_035B01_rtc,2019-10-17,data/images/KAL00056.npy,KAL_BUL,1,high,flood_peak,KAL_BUL_2019-10-20
KAL00058,S1A_IW_GRDH_1SDV_20231101T002554_20231101T002620_051016_0626C0_rtc,2023-11-01,data/images/KAL00058.npy,KAL_BUL,1,high,flood_peak,KAL_BUL_2023-10-21
KAL00061,S1A_IW_GRDH_1SDV_20231101T002554_20231101T002620_051016_0626C0_rtc,2023-11-01,data/images/KAL00061.npy,KAL_BUL,1,high,pre_event,KAL_BUL_2023-11-01
KAL00060,S1A_IW_GRDH_1SDV_20231113T002554_20231113T002620_051191_062CC5_rtc,2023-11-13,data/images/KAL00060.npy,KAL_BUL,1,high,flood_peak,KAL_BUL_2023-11-10
KAL00059,S1A_IW_GRDH_1SDV_20231008T002555_20231008T002620_050666_061AC8_rtc,2023-10-08,data/images/KAL00059.npy,KAL_BUL,1,high,pre_event,KAL_BUL_2023-10-18
KAL00064,S1A_IW_GRDH_1SDV_20231125T002553_20231125T002619_051366_0632CF_rtc,2023-11-25,data/images/KAL00064.npy,KAL_BUL,1,high,flood_peak,KAL_BUL_2023-11-30
KAL00062,S1A_IW_GRDH_1SDV_20231125T002553_20231125T002619_051366_0632CF_rtc,2023-11-25,data/images/KAL00062.npy,KAL_BUL,1,high,flood_peak,KAL_BUL_2023-11-25
KAL00063,S1A_IW_GRDH_1SDV_20231125T002553_20231125T002619_051366_0632CF_rtc,2023-11-25,data/images/KAL00063.npy,KAL_BUL,1,high,pre_event,KAL_BUL_2023-11-22
KAL00065,S1A_IW_GRDH_1SDV_20231125T002553_20231125T002619_051366_0632CF_rtc,2023-11-25,data/images/KAL00065.npy,KAL_BUL,1,high,pre_event,KAL_BUL_2023-11-27
KAL00067,S1A_IW_GRDH_1SDV_20231207T002553_20231207T002619_051541_0638D1_rtc,2023-12-07,data/images/KAL00067.npy,KAL_BUL,1,high,pre_event,KAL_BUL_2023-12-12
KAL00068,S1A_IW_GRDH_1SDV_20240523T002552_20240523T002617_053991_069047_rtc,2024-05-23,data/images/KAL00068.npy,KAL_BUL,1,high,flood_peak,KAL_BUL_2024-05-28
KAL00069,S1A_IW_GRDH_1SDV_20240523T002552_20240523T002617_053991_069047_rtc,2024-05-23,data/images/KAL00069.npy,KAL_BUL,1,high,pre_event,KAL_BUL_2024-05-24
KAL00066,S1A_IW_GRDH_1SDV_20231219T002553_20231219T002618_051716_063EF0_rtc,2023-12-19,data/images/KAL00066.npy,KAL_BUL,1,high,flood_peak,KAL_BUL_2023-12-21
KAL00070,S1A_IW_GRDH_1SDV_20240604T002551_20240604T002617_054166_069654_rtc,2024-06-04,data/images/KAL00070.npy,KAL_BUL,1,high,flood_peak,KAL_BUL_2024-06-04
KAL00071,S1A_IW_GRDH_1SDV_20240604T002551_20240604T002617_054166_069654_rtc,2024-06-04,data/images/KAL00071.npy,KAL_BUL,1,high,pre_event,KAL_BUL_2024-06-01
KAL00073,S1A_IW_GRDH_1SDV_20251126T002540_20251126T002605_062041_07C2FF_rtc,2025-11-26,data/images/KAL00073.npy,KAL_BUL,1,severe,pre_event,KAL_BUL_2025-11-23
KAL00072,S1A_IW_GRDH_1SDV_20251126T002540_20251126T002605_062041_07C2FF_rtc,2025-11-26,data/images/KAL00072.npy,KAL_BUL,1,severe,flood_peak,KAL_BUL_2025-11-29
KAL00079,S1A_IW_GRDH_1SSV_20160505T002508_20160505T002522_011116_010C15_rtc,2016-05-05,data/images/KAL00079.npy,KAL_KLT,1,severe,pre_event,KAL_KLT_2016-05-11
KAL00078,S1A_IW_GRDH_1SSV_20160522T125651_20160522T125720_011372_01146A_rtc,2016-05-22,data/images/KAL00078.npy,KAL_KLT,1,severe,flood_peak,KAL_KLT_2016-05-15
KAL00081,S1A_IW_GRDH_1SDV_20191017T002531_20191017T002557_029491_035B01_rtc,2019-10-17,data/images/KAL00081.npy,KAL_KLT,1,high,pre_event,KAL_KLT_2019-10-17
KAL00080,S1A_IW_GRDH_1SDV_20191017T002531_20191017T002557_029491_035B01_rtc,2019-10-17,data/images/KAL00080.npy,KAL_KLT,1,high,flood_peak,KAL_KLT_2019-10-21
KAL00082,S1A_IW_GRDH_1SDV_20231101T002554_20231101T002620_051016_0626C0_rtc,2023-11-01,data/images/KAL00082.npy,KAL_KLT,1,high,flood_peak,KAL_KLT_2023-10-21
KAL00085,S1A_IW_GRDH_1SDV_20231101T002554_20231101T002620_051016_0626C0_rtc,2023-11-01,data/images/KAL00085.npy,KAL_KLT,1,high,pre_event,KAL_KLT_2023-10-30
KAL00084,S1A_IW_GRDH_1SDV_20231113T002554_20231113T002620_051191_062CC5_rtc,2023-11-13,data/images/KAL00084.npy,KAL_KLT,1,high,flood_peak,KAL_KLT_2023-11-10
KAL00083,S1A_IW_GRDH_1SDV_20231008T002555_20231008T002620_050666_061AC8_rtc,2023-10-08,data/images/KAL00083.npy,KAL_KLT,1,high,pre_event,KAL_KLT_2023-10-18
KAL00086,S1A_IW_GRDH_1SDV_20231125T002553_20231125T002619_051366_0632CF_rtc,2023-11-25,data/images/KAL00086.npy,KAL_KLT,1,high,flood_peak,KAL_KLT_2023-11-25
KAL00088,S1A_IW_GRDH_1SDV_20231125T002553_20231125T002619_051366_0632CF_rtc,2023-11-25,data/images/KAL00088.npy,KAL_KLT,1,high,flood_peak,KAL_KLT_2023-12-01
KAL00087,S1A_IW_GRDH_1SDV_20231125T002553_20231125T002619_051366_0632CF_rtc,2023-11-25,data/images/KAL00087.npy,KAL_KLT,1,high,pre_event,KAL_KLT_2023-11-21
KAL00089,S1A_IW_GRDH_1SDV_20231125T002553_20231125T002619_051366_0632CF_rtc,2023-11-25,data/images/KAL00089.npy,KAL_KLT,1,high,pre_event,KAL_KLT_2023-11-27
KAL00091,S1A_IW_GRDH_1SDV_20231207T002553_20231207T002619_051541_0638D1_rtc,2023-12-07,data/images/KAL00091.npy,KAL_KLT,1,high,pre_event,KAL_KLT_2023-12-09
KAL00090,S1A_IW_GRDH_1SDV_20231207T002553_20231207T002619_051541_0638D1_rtc,2023-12-07,data/images/KAL00090.npy,KAL_KLT,1,high,flood_peak,KAL_KLT_2023-12-12
KAL00093,S1A_IW_GRDH_1SDV_20231207T002553_20231207T002619_051541_0638D1_rtc,2023-12-07,data/images/KAL00093.npy,KAL_KLT,1,high,pre_event,KAL_KLT_2023-12-12
KAL00092,S1A_IW_GRDH_1SDV_20231219T002553_20231219T002618_051716_063EF0_rtc,2023-12-19,data/images/KAL00092.npy,KAL_KLT,1,high,flood_peak,KAL_KLT_2023-12-21
KAL00094,S1A_IW_GRDH_1SDV_20240523T002552_20240523T002617_053991_069047_rtc,2024-05-23,data/images/KAL00094.npy,KAL_KLT,1,high,flood_peak,KAL_KLT_2024-05-27
KAL00095,S1A_IW_GRDH_1SDV_20240523T002552_20240523T002617_053991_069047_rtc,2024-05-23,data/images/KAL00095.npy,KAL_KLT,1,high,pre_event,KAL_KLT_2024-05-23
KAL00096,S1A_IW_GRDH_1SDV_20251126T002540_20251126T002605_062041_07C2FF_rtc,2025-11-26,data/images/KAL00096.npy,KAL_KLT,1,severe,flood_peak,KAL_KLT_2025-11-29
KAL00097,S1A_IW_GRDH_1SDV_20251126T002540_20251126T002605_062041_07C2FF_rtc,2025-11-26,data/images/KAL00097.npy,KAL_KLT,1,severe,pre_event,KAL_KLT_2025-11-23
KAL00098,S1A_IW_GRDH_1SSV_20151014T124854_20151014T124922_008149_00B70A_rtc,2015-10-14,data/images/KAL00098.npy,KAL_RAT,1,high,flood_peak,KAL_RAT_2015-10-16
KAL00100,S1A_IW_GRDH_1SSV_20151014T124854_20151014T124922_008149_00B70A_rtc,2015-10-14,data/images/KAL00100.npy,KAL_RAT,1,severe,flood_peak,KAL_RAT_2015-10-24
KAL00099,S1A_IW_GRDH_1SSV_20151014T124854_20151014T124922_008149_00B70A_rtc,2015-10-14,data/images/KAL00099.npy,KAL_RAT,1,high,pre_event,KAL_RAT_2015-10-13
KAL00101,S1A_IW_GRDH_1SSV_20151014T124854_20151014T124922_008149_00B70A_rtc,2015-10-14,data/images/KAL00101.npy,KAL_RAT,1,severe,pre_event,KAL_RAT_2015-10-20
KAL00102,S1A_IW_GRDH_1SSV_20160517T124848_20160517T124917_011299_0111FA_rtc,2016-05-17,data/images/KAL00102.npy,KAL_RAT,1,severe,flood_peak,KAL_RAT_2016-05-15
KAL00103,S1A_IW_GRDH_1SSV_20160505T002508_20160505T002522_011116_010C15_rtc,2016-05-05,data/images/KAL00103.npy,KAL_RAT,1,severe,pre_event,KAL_RAT_2016-05-11
KAL00105,S1A_IW_GRDH_1SDV_20231101T124930_20231101T124959_051024_062707_rtc,2023-11-01,data/images/KAL00105.npy,KAL_RAT,1,high,pre_event,KAL_RAT_2023-11-02
KAL00104,S1A_IW_GRDH_1SDV_20231101T124930_20231101T124959_051024_062707_rtc,2023-11-01,data/images/KAL00104.npy,KAL_RAT,1,high,flood_peak,KAL_RAT_2023-11-05
KAL00106,S1A_IW_GRDH_1SDV_20231219T124929_20231219T124958_051724_063F39_rtc,2023-12-19,data/images/KAL00106.npy,KAL_RAT,1,high,flood_peak,KAL_RAT_2023-12-21
KAL00107,S1A_IW_GRDH_1SDV_20231219T002553_20231219T002618_051716_063EF0_rtc,2023-12-19,data/images/KAL00107.npy,KAL_RAT,1,high,pre_event,KAL_RAT_2023-12-16
KAL00109,S1A_IW_GRDH_1SDV_20240523T002552_20240523T002617_053991_069047_rtc,2024-05-23,data/images/KAL00109.npy,KAL_RAT,1,high,pre_event,KAL_RAT_2024-05-23
KAL00108,S1A_IW_GRDH_1SDV_20240523T124928_20240523T124957_053999_06908D_rtc,2024-05-23,data/images/KAL00108.npy,KAL_RAT,1,high,flood_peak,KAL_RAT_2024-05-27
KAL00111,S1A_IW_GRDH_1SDV_20251126T002540_20251126T002605_062041_07C2FF_rtc,2025-11-26,data/images/KAL00111.npy,KAL_RAT,1,severe,pre_event,KAL_RAT_2025-11-23
KAL00110,S1A_IW_GRDH_1SDV_20251126T124916_20251126T124945_062049_07C34E_rtc,2025-11-26,data/images/KAL00110.npy,KAL_RAT,1,severe,flood_peak,KAL_RAT_2025-11-29
KAL00112,S1A_IW_GRDH_1SDV_20220311T002540_20220311T002605_042266_0509A4_rtc,2022-03-11,data/images/KAL00112.npy,KAL_BUL,0,none,dry_negative,KAL_BUL_2022-03-06
KAL00113,S1A_IW_GRDH_1SDV_20230411T124923_20230411T124952_048049_05C69F_rtc,2023-04-11,data/images/KAL00113.npy,KAL_BAL,0,none,dry_negative,KAL_BAL_2023-04-15
KAL00114,S1A_IW_GRDH_1SDV_20240722T002549_20240722T002615_054866_06AE9B_rtc,2024-07-22,data/images/KAL00114.npy,KAL_KLT,0,none,dry_negative,KAL_KLT_2024-07-24
KAL00116,S1A_IW_GRDH_1SDV_20230306T002545_20230306T002611_047516_05B49E_rtc,2023-03-06,data/images/KAL00116.npy,KAL_AGA,0,none,dry_negative,KAL_AGA_2023-03-05
KAL00117,S1A_IW_GRDH_1SDV_20170828T002517_20170828T002543_018116_01E6D6_rtc,2017-08-28,data/images/KAL00117.npy,KAL_KLT,0,none,dry_negative,KAL_KLT_2017-08-28
KAL00118,S1A_IW_GRDH_1SDV_20240229T002550_20240229T002616_052766_06629C_rtc,2024-02-29,data/images/KAL00118.npy,KAL_BAL,0,none,dry_negative,KAL_BAL_2024-02-27
KAL00121,S1A_IW_GRDH_1SSV_20160411T002507_20160411T002521_010766_01014C_rtc,2016-04-11,data/images/KAL00121.npy,KAL_BAL,0,none,dry_negative,KAL_BAL_2016-04-12
KAL00123,S1A_IW_GRDH_1SSV_20161101T124854_20161101T124924_013749_01611B_rtc,2016-11-01,data/images/KAL00123.npy,KAL_RAT,0,none,dry_negative,KAL_RAT_2016-10-26
KAL00119,S1A_IW_GRDH_1SDV_20161113T002513_20161113T002538_013916_016673_rtc,2016-11-13,data/images/KAL00119.npy,KAL_KLT,0,none,dry_negative,KAL_KLT_2016-11-12
KAL00120,S1A_IW_GRDH_1SDV_20230902T002554_20230902T002619_050141_0608DD_rtc,2023-09-02,data/images/KAL00120.npy,KAL_KLT,0,none,dry_negative,KAL_KLT_2023-08-23
KAL00126,S1A_IW_GRDH_1SDV_20180811T124905_20180811T124934_023199_028554_rtc,2018-08-11,data/images/KAL00126.npy,KAL_RAT,0,none,dry_negative,KAL_RAT_2018-08-16
KAL00125,S1A_IW_GRDH_1SDV_20221025T002550_20221025T002615_045591_05737E_rtc,2022-10-25,data/images/KAL00125.npy,KAL_RAT,0,none,dry_negative,KAL_RAT_2022-10-22
KAL00124,S1A_IW_GRDH_1SDV_20251114T002540_20251114T002606_061866_07BC30_rtc,2025-11-14,data/images/KAL00124.npy,KAL_AGA,0,none,dry_negative,KAL_AGA_2025-11-14
KAL00128,S1A_IW_GRDH_1SDV_20200824T124913_20200824T124942_034049_03F3DE_rtc,2020-08-24,data/images/KAL00128.npy,KAL_BAL,0,none,dry_negative,KAL_BAL_2020-08-30
KAL00129,S1A_IW_GRDH_1SDV_20200426T002529_20200426T002555_032291_03BC75_rtc,2020-04-26,data/images/KAL00129.npy,KAL_BUL,0,none,dry_negative,KAL_BUL_2020-05-01
KAL00127,S1A_IW_GRDH_1SDV_20180107T002516_20180107T002542_020041_022260_rtc,2018-01-07,data/images/KAL00127.npy,KAL_KLT,0,none,dry_negative,KAL_KLT_2018-01-12
KAL00132,S1A_IW_GRDH_1SSV_20151014T124854_20151014T124922_008149_00B70A_rtc,2015-10-14,data/images/KAL00132.npy,KAL_RAT,0,none,dry_negative,KAL_RAT_2015-10-11
KAL00131,S1A_IW_GRDH_1SSV_20150216T002440_20150216T002505_004641_005B9D_rtc,2015-02-16,data/images/KAL00131.npy,KAL_BUL,0,none,dry_negative,KAL_BUL_2015-02-18
KAL00134,S1A_IW_GRDH_1SSV_20160716T002450_20160716T002515_012166_012DD0_rtc,2016-07-16,data/images/KAL00134.npy,KAL_BUL,0,none,dry_negative,KAL_BUL_2016-07-06
KAL00130,S1A_IW_GRDH_1SDV_20190327T124904_20190327T124933_026524_02F8CD_rtc,2019-03-27,data/images/KAL00130.npy,KAL_BAL,0,none,dry_negative,KAL_BAL_2019-03-22
KAL00133,S1A_IW_GRDH_1SDV_20230423T002546_20230423T002612_048216_05CC2F_rtc,2023-04-23,data/images/KAL00133.npy,KAL_BAL,0,none,dry_negative,KAL_BAL_2023-04-19
KAL00136,S1A_IW_GRDH_1SDV_20220215T002540_20220215T002605_041916_04FDB3_rtc,2022-02-15,data/images/KAL00136.npy,KAL_BUL,0,none,dry_negative,KAL_BUL_2022-02-18
KAL00135,S1A_IW_GRDH_1SDV_20190619T002526_20190619T002551_027741_0321A2_rtc,2019-06-19,data/images/KAL00135.npy,KAL_AGA,0,none,dry_negative,KAL_AGA_2019-06-21
KAL00138,S1A_IW_GRDH_1SDV_20240511T002552_20240511T002617_053816_068A41_rtc,2024-05-11,data/images/KAL00138.npy,KAL_BUL,0,none,dry_negative,KAL_BUL_2024-05-11
KAL00137,S1A_IW_GRDH_1SDV_20210912T124919_20210912T124948_039649_04B013_rtc,2021-09-12,data/images/KAL00137.npy,KAL_RAT,0,none,dry_negative,KAL_RAT_2021-09-16
KAL00141,S1A_IW_GRDH_1SDV_20180928T124907_20180928T124936_023899_029BD6_rtc,2018-09-28,data/images/KAL00141.npy,KAL_RAT,0,none,dry_negative,KAL_RAT_2018-09-26
KAL00142,S1A_IW_GRDH_1SDV_20160318T002506_20160318T002521_010416_00F713_rtc,2016-03-18,data/images/KAL00142.npy,KAL_RAT,0,none,dry_negative,KAL_RAT_2016-03-11
KAL00140,S1A_IW_GRDH_1SDV_20250810T002541_20250810T002606_060466_rtc,2025-08-10,data/images/KAL00140.npy,KAL_KLT,0,none,dry_negative,KAL_KLT_2025-08-12
KAL00145,S1A_IW_GRDH_1SSV_20150324T002441_20150324T002506_005166_00683C_rtc,2015-03-24,data/images/KAL00145.npy,KAL_BAL,0,none,dry_negative,KAL_BAL_2015-03-19
KAL00143,S1A_IW_GRDH_1SDV_20241225T002547_20241225T002612_057141_070698_rtc,2024-12-25,data/images/KAL00143.npy,KAL_KLT,0,none,dry_negative,KAL_KLT_2024-12-22
KAL00144,S1A_IW_GRDH_1SDV_20251021T002542_20251021T002607_061516_07AE6C_rtc,2025-10-21,data/images/KAL00144.npy,KAL_AGA,0,none,dry_negative,KAL_AGA_2025-10-16
KAL00146,S1A_IW_GRDH_1SDV_20190725T002528_20190725T002553_028266_033171_rtc,2019-07-25,data/images/KAL00146.npy,KAL_BUL,0,none,dry_negative,KAL_BUL_2019-07-27
KAL00147,S1A_IW_GRDH_1SSV_20160809T002451_20160809T002516_012516_01395D_rtc,2016-08-09,data/images/KAL00147.npy,KAL_BUL,0,none,dry_negative,KAL_BUL_2016-08-06
KAL00148,S1A_IW_GRDH_1SDV_20200226T002528_20200226T002553_031416_039DD0_rtc,2020-02-26,data/images/KAL00148.npy,KAL_AGA,0,none,dry_negative,KAL_AGA_2020-02-28
KAL00149,S1A_IW_GRDH_1SDV_20230318T002545_20230318T002611_047691_05BA8A_rtc,2023-03-18,data/images/KAL00149.npy,KAL_AGA,0,none,dry_negative,KAL_AGA_2023-03-23
KAL00150,S1A_IW_GRDH_1SDV_20210316T002534_20210316T002559_037016_045B2B_rtc,2021-03-16,data/images/KAL00150.npy,KAL_AGA,0,none,dry_negative,KAL_AGA_2021-03-22
KAL00151,S1A_IW_GRDH_1SDV_20160318T002506_20160318T002521_010416_00F713_rtc,2016-03-18,data/images/KAL00151.npy,KAL_BAL,0,none,dry_negative,KAL_BAL_2016-03-13
KAL00152,S1A_IW_GRDH_1SDV_20250319T002544_20250319T002609_058366_07377B_rtc,2025-03-19,data/images/KAL00152.npy,KAL_RAT,0,none,dry_negative,KAL_RAT_2025-03-18
KAL00153,S1A_IW_GRDH_1SDV_20160318T002506_20160318T002521_010416_00F713_rtc,2016-03-18,data/images/KAL00153.npy,KAL_KLT,0,none,dry_negative,KAL_KLT_2016-03-27
KAL00154,S1A_IW_GRDH_1SDV_20210220T002534_20210220T002559_036666_044EFD_rtc,2021-02-20,data/images/KAL00154.npy,KAL_BUL,0,none,dry_negative,KAL_BUL_2021-02-17
KAL00158,S1A_IW_GRDH_1SSV_20160505T002508_20160505T002522_011116_010C15_rtc,2016-05-05,data/images/KAL00158.npy,KAL_AGA,0,none,dry_negative,KAL_AGA_2016-05-10
KAL00156,S1A_IW_GRDH_1SDV_20240312T002550_20240312T002616_052941_066892_rtc,2024-03-12,data/images/KAL00156.npy,KAL_RAT,0,none,dry_negative,KAL_RAT_2024-03-11
KAL00155,S1A_IW_GRDH_1SDV_20241119T002550_20241119T002616_056616_06F1BE_rtc,2024-11-19,data/images/KAL00155.npy,KAL_KLT,0,none,dry_negative,KAL_KLT_2024-11-14
KAL00159,S1A_IW_GRDH_1SSV_20160902T002517_20160902T002532_012866_014514_rtc,2016-09-02,data/images/KAL00159.npy,KAL_KLT,0,none,dry_negative,KAL_KLT_2016-08-25
KAL00160,S1A_IW_GRDH_1SDV_20190701T002526_20190701T002552_027916_0326DC_rtc,2019-07-01,data/images/KAL00160.npy,KAL_KLT,0,none,dry_negative,KAL_KLT_2019-06-28
KAL00161,S1A_IW_GRDH_1SDV_20220428T002541_20220428T002606_042966_052130_rtc,2022-04-28,data/images/KAL00161.npy,KAL_AGA,0,none,dry_negative,KAL_AGA_2022-04-29
KAL00162,S1A_IW_GRDH_1SDV_20210220T002534_20210220T002559_036666_044EFD_rtc,2021-02-20,data/images/KAL00162.npy,KAL_AGA,0,none,dry_negative,KAL_AGA_2021-02-15
KAL00164,S1A_IW_GRDH_1SDV_20190327T124904_20190327T124933_026524_02F8CD_rtc,2019-03-27,data/images/KAL00164.npy,KAL_RAT,0,none,dry_negative,KAL_RAT_2019-03-27
KAL00163,S1A_IW_GRDH_1SDV_20220215T124916_20220215T124945_041924_04FDF6_rtc,2022-02-15,data/images/KAL00163.npy,KAL_RAT,0,none,dry_negative,KAL_RAT_2022-02-21
KAL00165,S1A_IW_GRDH_1SDV_20241213T002548_20241213T002614_056966_06FF8F_rtc,2024-12-13,data/images/KAL00165.npy,KAL_AGA,0,none,dry_negative,KAL_AGA_2024-12-19
KAL00167,S1A_IW_GRDH_1SDV_20230210T002545_20230210T002611_047166_05A8BC_rtc,2023-02-10,data/images/KAL00167.npy,KAL_BUL,0,none,dry_negative,KAL_BUL_2023-02-09
KAL00166,S1A_IW_GRDH_1SDV_20250506T002544_20250506T002610_059066_0753CB_rtc,2025-05-06,data/images/KAL00166.npy,KAL_AGA,0,none,dry_negative,KAL_AGA_2025-05-04
KAL00168,S1A_IW_GRDH_1SDV_20221001T002550_20221001T002615_045241_05686D_rtc,2022-10-01,data/images/KAL00168.npy,KAL_AGA,0,none,dry_negative,KAL_AGA_2022-09-28
KAL00169,S1A_IW_GRDH_1SDV_20210620T124915_20210620T124944_038424_0488BF_rtc,2021-06-20,data/images/KAL00169.npy,KAL_BAL,0,none,dry_negative,KAL_BAL_2021-06-24
KAL00171,S1A_IW_GRDH_1SDV_20200321T124905_20200321T124934_031774_03AA49_rtc,2020-03-21,data/images/KAL00171.npy,KAL_BAL,0,none,dry_negative,KAL_BAL_2020-03-22
KAL00170,S1A_IW_GRDH_1SDV_20230622T124926_20230622T124955_049099_05E776_rtc,2023-06-22,data/images/KAL00170.npy,KAL_RAT,0,none,dry_negative,KAL_RAT_2023-06-27
KAL00172,S1A_IW_GRDH_1SDV_20250106T002546_20250106T002611_057316_070D75_rtc,2025-01-06,data/images/KAL00172.npy,KAL_KLT,0,none,dry_negative,KAL_KLT_2025-01-03
KAL00173,S1A_IW_GRDH_1SDV_20170921T124900_20170921T124929_018474_01F1CE_rtc,2017-09-21,data/images/KAL00173.npy,KAL_RAT,0,none,dry_negative,KAL_RAT_2017-09-25
KAL00175,S1A_IW_GRDH_1SDV_20170711T002515_20170711T002540_017416_01D192_rtc,2017-07-11,data/images/KAL00175.npy,KAL_BUL,0,none,dry_negative,KAL_BUL_2017-07-07
KAL00177,S1A_IW_GRDH_1SSV_20150710T124849_20150710T124918_006749_0090BF_rtc,2015-07-10,data/images/KAL00177.npy,KAL_BAL,0,none,dry_negative,KAL_BAL_2015-07-09
KAL00178,S1A_IW_GRDH_1SDV_20180224T002515_20180224T002541_020741_0238AC_rtc,2018-02-24,data/images/KAL00178.npy,KAL_KLT,0,none,dry_negative,KAL_KLT_2018-03-08
KAL00180,S1A_IW_GRDH_1SDV_20240312T002550_20240312T002616_052941_066892_rtc,2024-03-12,data/images/KAL00180.npy,KAL_KLT,0,none,dry_negative,KAL_KLT_2024-03-10
KAL00179,S1A_IW_GRDH_1SDV_20220215T002540_20220215T002605_041916_04FDB3_rtc,2022-02-15,data/images/KAL00179.npy,KAL_BAL,0,none,dry_negative,KAL_BAL_2022-02-14
KAL00181,S1A_IW_GRDH_1SSV_20150815T002448_20150815T002513_007266_009F4A_rtc,2015-08-15,data/images/KAL00181.npy,KAL_BAL,0,none,dry_negative,KAL_BAL_2015-08-06
KAL00183,S1A_IW_GRDH_1SDV_20250903T002541_20250903T002606_060816_07924B_rtc,2025-09-03,data/images/KAL00183.npy,KAL_BAL,0,none,dry_negative,KAL_BAL_2025-09-01
KAL00184,S1A_IW_GRDH_1SDV_20210912T002543_20210912T002608_039641_04AFCB_rtc,2021-09-12,data/images/KAL00184.npy,KAL_AGA,0,none,dry_negative,KAL_AGA_2021-09-13
KAL00182,S1A_IW_GRDH_1SDV_20161207T002512_20161207T002537_014266_017141_rtc,2016-12-07,data/images/KAL00182.npy,KAL_KLT,0,none,dry_negative,KAL_KLT_2016-12-13
KAL00185,S1A_IW_GRDH_1SDV_20211006T002544_20211006T002609_039991_04BBCE_rtc,2021-10-06,data/images/KAL00185.npy,KAL_RAT,0,none,dry_negative,KAL_RAT_2021-10-04
KAL00187,S1A_IW_GRDH_1SDV_20160318T002506_20160318T002521_010416_00F713_rtc,2016-03-18,data/images/KAL00187.npy,KAL_AGA,0,none,dry_negative,KAL_AGA_2016-03-18
KAL00186,S1A_IW_GRDH_1SDV_20190701T002526_20190701T002552_027916_0326DC_rtc,2019-07-01,data/images/KAL00186.npy,KAL_BAL,0,none,dry_negative,KAL_BAL_2019-06-30
KAL00188,S1A_IW_GRDH_1SDV_20200121T002529_20200121T002554_030891_038B9A_rtc,2020-01-21,data/images/KAL00188.npy,KAL_AGA,0,none,dry_negative,KAL_AGA_2020-01-23
KAL00189,S1A_IW_GRDH_1SDV_20190126T124904_20190126T124933_025649_02D933_rtc,2019-01-26,data/images/KAL00189.npy,KAL_BAL,0,none,dry_negative,KAL_BAL_2019-01-22
KAL00190,S1A_IW_GRDH_1SDV_20200707T002533_20200707T002559_033341_03DCEB_rtc,2020-07-07,data/images/KAL00190.npy,KAL_AGA,0,none,dry_negative,KAL_AGA_2020-07-13
KAL00191,S1A_IW_GRDH_1SDV_20211006T002544_20211006T002609_039991_04BBCE_rtc,2021-10-06,data/images/KAL00191.npy,KAL_AGA,0,none,dry_negative,KAL_AGA_2021-10-03
KAL00192,S1A_IW_GRDH_1SDV_20250331T002544_20250331T002610_058541_rtc,2025-03-31,data/images/KAL00192.npy,KAL_BAL,0,none,dry_negative,KAL_BAL_2025-04-02
KAL00193,S1A_IW_GRDH_1SDV_20200402T002529_20200402T002554_031941_03B02C_rtc,2020-04-02,data/images/KAL00193.npy,KAL_AGA,0,none,dry_negative,KAL_AGA_2020-04-02
KAL00194,S1A_IW_GRDH_1SDV_20170112T002510_20170112T002535_014791_018174_rtc,2017-01-12,data/images/KAL00194.npy,KAL_BUL,0,none,dry_negative,KAL_BUL_2017-01-16
KAL00197,S1A_IW_GRDH_1SDV_20250822T002541_20250822T002606_060641_078B63_rtc,2025-08-22,data/images/KAL00197.npy,KAL_RAT,0,none,dry_negative,KAL_RAT_2025-08-18
KAL00196,S1A_IW_GRDH_1SDV_20240312T002550_20240312T002616_052941_066892_rtc,2024-03-12,data/images/KAL00196.npy,KAL_AGA,0,none,dry_negative,KAL_AGA_2024-03-17
KAL00195,S1A_IW_GRDH_1SDV_20210316T002534_20210316T002559_037016_045B2B_rtc,2021-03-16,data/images/KAL00195.npy,KAL_KLT,0,none,dry_negative,KAL_KLT_2021-03-11
KAL00198,S1A_IW_GRDH_1SDV_20160318T002506_20160318T002521_010416_00F713_rtc,2016-03-18,data/images/KAL00198.npy,KAL_RAT,0,none,dry_negative,KAL_RAT_2016-03-09
KAL00200,S1A_IW_GRDH_1SDV_20240908T124926_20240908T124955_055574_06C874_rtc,2024-09-08,data/images/KAL00200.npy,KAL_BAL,0,none,dry_negative,KAL_BAL_2024-09-06
KAL00199,S1A_IW_GRDH_1SDV_20240511T002552_20240511T002617_053816_068A41_rtc,2024-05-11,data/images/KAL00199.npy,KAL_BAL,0,none,dry_negative,KAL_BAL_2024-05-08
KAL00204,S1A_IW_GRDH_1SDV_20201222T002536_20201222T002602_035791_043084_rtc,2020-12-22,data/images/KAL00204.npy,KAL_BUL,0,none,dry_negative,KAL_BUL_2020-12-26
KAL00203,S1A_IW_GRDH_1SDV_20161231T002511_20161231T002537_014616_017C33_rtc,2016-12-31,data/images/KAL00203.npy,KAL_BUL,0,none,dry_negative,KAL_BUL_2017-01-03
KAL00205,S1A_IW_GRDH_1SDV_20200202T002529_20200202T002554_031066_0391B6_rtc,2020-02-02,data/images/KAL00205.npy,KAL_KLT,0,none,dry_negative,KAL_KLT_2020-02-08
KAL00207,S1A_IW_GRDH_1SDV_20170711T002515_20170711T002540_017416_01D192_rtc,2017-07-11,data/images/KAL00207.npy,KAL_KLT,0,none,dry_negative,KAL_KLT_2017-07-07
KAL00206,S1A_IW_GRDH_1SDV_20211006T002544_20211006T002609_039991_04BBCE_rtc,2021-10-06,data/images/KAL00206.npy,KAL_KLT,0,none,dry_negative,KAL_KLT_2021-10-12
KAL00208,S1A_IW_GRDH_1SDV_20170524T002512_20170524T002537_016716_01BC28_rtc,2017-05-24,data/images/KAL00208.npy,KAL_BUL,0,none,dry_negative,KAL_BUL_2017-05-21
KAL00209,S1A_IW_GRDH_1SDV_20180401T124858_20180401T124927_021274_024981_rtc,2018-04-01,data/images/KAL00209.npy,KAL_RAT,0,none,dry_negative,KAL_RAT_2018-04-02
KAL00210,S1A_IW_GRDH_1SDV_20250223T124920_20250223T124949_058024_0729C1_rtc,2025-02-23,data/images/KAL00210.npy,KAL_BAL,0,none,dry_negative,KAL_BAL_2025-02-24
KAL00211,S1A_IW_GRDH_1SDV_20161231T002511_20161231T002537_014616_017C33_rtc,2016-12-31,data/images/KAL00211.npy,KAL_BUL,0,none,dry_negative,KAL_BUL_2017-01-01
KAL00212,S1A_IW_GRDH_1SDV_20200625T002533_20200625T002558_033166_03D79D_rtc,2020-06-25,data/images/KAL00212.npy,KAL_BAL,0,none,dry_negative,KAL_BAL_2020-06-24
KAL00213,S1A_IW_GRDH_1SDV_20180401T124858_20180401T124927_021274_024981_rtc,2018-04-01,data/images/KAL00213.npy,KAL_BAL,0,none,dry_negative,KAL_BAL_2018-04-04
KAL00214,S1A_IW_GRDH_1SDV_20220416T002540_20220416T002606_042791_051B74_rtc,2022-04-16,data/images/KAL00214.npy,KAL_BUL,0,none,dry_negative,KAL_BUL_2022-04-19
KAL00216,S1A_IW_GRDH_1SSV_20160411T002507_20160411T002521_010766_01014C_rtc,2016-04-11,data/images/KAL00216.npy,KAL_RAT,0,none,dry_negative,KAL_RAT_2016-04-13
KAL00215,S1A_IW_GRDH_1SDV_20240511T002552_20240511T002617_053816_068A41_rtc,2024-05-11,data/images/KAL00215.npy,KAL_BUL,0,none,dry_negative,KAL_BUL_2024-05-16
KAL00217,S1A_IW_GRDH_1SDV_20230423T002546_20230423T002612_048216_05CC2F_rtc,2023-04-23,data/images/KAL00217.npy,KAL_BUL,0,none,dry_negative,KAL_BUL_2023-04-27
KAL00221,S1A_IW_GRDH_1SDV_20230423T124923_20230423T124952_048224_05CC75_rtc,2023-04-23,data/images/KAL00221.npy,KAL_BAL,0,none,dry_negative,KAL_BAL_2023-04-24
KAL00218,S1A_IW_GRDH_1SDV_20251009T002542_20251009T002607_061341_07A765_rtc,2025-10-09,data/images/KAL00218.npy,KAL_KLT,0,none,dry_negative,KAL_KLT_2025-10-14
KAL00219,S1A_IW_GRDH_1SDV_20200226T002528_20200226T002553_031416_039DD0_rtc,2020-02-26,data/images/KAL00219.npy,KAL_AGA,0,none,dry_negative,KAL_AGA_2020-02-26
KAL00224,S1A_IW_GRDH_1SSV_20160716T002450_20160716T002515_012166_012DD0_rtc,2016-07-16,data/images/KAL00224.npy,KAL_BUL,0,none,dry_negative,KAL_BUL_2016-07-17
KAL00223,S1A_IW_GRDH_1SDV_20200321T002528_20200321T002554_031766_03AA00_rtc,2020-03-21,data/images/KAL00223.npy,KAL_RAT,0,none,dry_negative,KAL_RAT_2020-03-19
KAL00222,S1A_IW_GRDH_1SDV_20180401T002516_20180401T002541_021266_024947_rtc,2018-04-01,data/images/KAL00222.npy,KAL_BAL,0,none,dry_negative,KAL_BAL_2018-03-31
KAL00225,S1A_IW_GRDH_1SDV_20221130T002549_20221130T002614_046116_058540_rtc,2022-11-30,data/images/KAL00225.npy,KAL_BUL,0,none,dry_negative,KAL_BUL_2022-11-29
KAL00227,S1A_IW_GRDH_1SDV_20251009T124918_20251009T124947_061349_07A7B4_rtc,2025-10-09,data/images/KAL00227.npy,KAL_BAL,0,none,dry_negative,KAL_BAL_2025-10-13
KAL00226,S1A_IW_GRDH_1SDV_20201116T002538_20201116T002603_035266_041E68_rtc,2020-11-16,data/images/KAL00226.npy,KAL_AGA,0,none,dry_negative,KAL_AGA_2020-11-12
KAL00228,S1A_IW_GRDH_1SDV_20190514T124906_20190514T124935_027224_0311BE_rtc,2019-05-14,data/images/KAL00228.npy,KAL_BAL,0,none,dry_negative,KAL_BAL_2019-05-17
KAL00229,S1A_IW_GRDH_1SDV_20200121T002529_20200121T002554_030891_038B9A_rtc,2020-01-21,data/images/KAL00229.npy,KAL_KLT,0,none,dry_negative,KAL_KLT_2020-01-26
KAL00231,S1A_IW_GRDH_1SDV_20221013T002549_20221013T002615_045416_056E54_rtc,2022-10-13,data/images/KAL00231.npy,KAL_RAT,0,none,dry_negative,KAL_RAT_2022-10-10
KAL00233,S1A_IW_GRDH_1SSV_20160902T002452_20160902T002517_012866_014514_rtc,2016-09-02,data/images/KAL00233.npy,KAL_BUL,0,none,dry_negative,KAL_BUL_2016-08-22
KAL00232,S1A_IW_GRDH_1SDV_20170418T002510_20170418T002536_016191_01AC26_rtc,2017-04-18,data/images/KAL00232.npy,KAL_KLT,0,none,dry_negative,KAL_KLT_2017-04-26
KAL00235,S1A_IW_GRDH_1SDV_20161113T002513_20161113T002538_013916_016673_rtc,2016-11-13,data/images/KAL00235.npy,KAL_BUL,0,none,dry_negative,KAL_BUL_2016-11-04
KAL00234,S1A_IW_GRDH_1SDV_20190526T124906_20190526T124935_027399_031737_rtc,2019-05-26,data/images/KAL00234.npy,KAL_BAL,0,none,dry_negative,KAL_BAL_2019-05-22
KAL00237,S1A_IW_GRDH_1SDV_20251114T002540_20251114T002606_061866_07BC30_rtc,2025-11-14,data/images/KAL00237.npy,KAL_BUL,0,none,dry_negative,KAL_BUL_2025-11-12
KAL00238,S1A_IW_GRDH_1SDV_20180212T124857_20180212T124926_020574_023353_rtc,2018-02-12,data/images/KAL00238.npy,KAL_BAL,0,none,dry_negative,KAL_BAL_2018-02-16
KAL00240,S1A_IW_GRDH_1SDV_20170828T124859_20170828T124928_018124_01E70D_rtc,2017-08-28,data/images/KAL00240.npy,KAL_BAL,0,none,dry_negative,KAL_BAL_2017-08-30
KAL00241,S1A_IW_GRDH_1SDV_20250915T002541_20250915T002607_060991_079950_rtc,2025-09-15,data/images/KAL00241.npy,KAL_RAT,0,none,dry_negative,KAL_RAT_2025-09-12
KAL00239,S1A_IW_GRDH_1SDV_20170512T002511_20170512T002537_016541_01B6BF_rtc,2017-05-12,data/images/KAL00239.npy,KAL_KLT,0,none,dry_negative,KAL_KLT_2017-05-17
KAL00244,S1A_IW_GRDH_1SSV_20160211T124845_20160211T124914_009899_00E841_rtc,2016-02-11,data/images/KAL00244.npy,KAL_RAT,0,none,dry_negative,KAL_RAT_2016-02-14
KAL00243,S1A_IW_GRDH_1SDV_20220227T002540_20220227T002605_042091_0503B7_rtc,2022-02-27,data/images/KAL00243.npy,KAL_RAT,0,none,dry_negative,KAL_RAT_2022-02-27
KAL00242,S1A_IW_GRDH_1SDV_20241026T124927_20241026T124956_056274_06E421_rtc,2024-10-26,data/images/KAL00242.npy,KAL_BAL,0,none,dry_negative,KAL_BAL_2024-10-29
KAL00247,S1A_IW_GRDH_1SSV_20150815T002448_20150815T002513_007266_009F4A_rtc,2015-08-15,data/images/KAL00247.npy,KAL_AGA,0,none,dry_negative,KAL_AGA_2015-08-04
KAL00248,S1A_IW_GRDH_1SSV_20160505T002508_20160505T002522_011116_010C15_rtc,2016-05-05,data/images/KAL00248.npy,KAL_AGA,0,none,dry_negative,KAL_AGA_2016-05-09
KAL00245,S1A_IW_GRDH_1SDV_20220428T002541_20220428T002606_042966_052130_rtc,2022-04-28,data/images/KAL00245.npy,KAL_BUL,0,none,dry_negative,KAL_BUL_2022-04-30
KAL00249,S1A_IW_GRDH_1SDV_20180212T002516_20180212T002541_020566_023318_rtc,2018-02-12,data/images/KAL00249.npy,KAL_RAT,0,none,dry_negative,KAL_RAT_2018-02-10
KAL00251,S1A_IW_GRDH_1SDV_20230809T002552_20230809T002617_049791_05FCDC_rtc,2023-08-09,data/images/KAL00251.npy,KAL_BUL,0,none,dry_negative,KAL_BUL_2023-08-01
KAL00250,S1A_IW_GRDH_1SDV_20200426T002529_20200426T002555_032291_03BC75_rtc,2020-04-26,data/images/KAL00250.npy,KAL_AGA,0,none,dry_negative,KAL_AGA_2020-04-27
KAL00253,S1A_IW_GRDH_1SDV_20180425T002517_20180425T002542_021616_02542E_rtc,2018-04-25,data/images/KAL00253.npy,KAL_BUL,0,none,dry_negative,KAL_BUL_2018-04-24
KAL00252,S1A_IW_GRDH_1SDV_20180730T002522_20180730T002548_023016_027F97_rtc,2018-07-30,data/images/KAL00252.npy,KAL_AGA,0,none,dry_negative,KAL_AGA_2018-07-29
KAL00254,S1A_IW_GRDH_1SDV_20170112T002510_20170112T002535_014791_018174_rtc,2017-01-12,data/images/KAL00254.npy,KAL_BUL,0,none,dry_negative,KAL_BUL_2017-01-08
KAL00255,S1A_IW_GRDH_1SDV_20190818T124906_20190818T124935_028624_033D08_rtc,2019-08-18,data/images/KAL00255.npy,KAL_BAL,0,none,dry_negative,KAL_BAL_2019-08-22
KAL00258,S1A_IW_GRDH_1SDV_20170512T002511_20170512T002537_016541_01B6BF_rtc,2017-05-12,data/images/KAL00258.npy,KAL_RAT,0,none,dry_negative,KAL_RAT_2017-05-03
KAL00257,S1A_IW_GRDH_1SDV_20190420T124905_20190420T124934_026874_030594_rtc,2019-04-20,data/images/KAL00257.npy,KAL_BAL,0,none,dry_negative,KAL_BAL_2019-04-21
KAL00259,S1A_IW_GRDH_1SDV_20210924T002543_20210924T002609_039816_04B5AD_rtc,2021-09-24,data/images/KAL00259.npy,KAL_AGA,0,none,dry_negative,KAL_AGA_2021-09-20
KAL00261,S1A_IW_GRDH_1SSV_20160716T002450_20160716T002515_012166_012DD0_rtc,2016-07-16,data/images/KAL00261.npy,KAL_RAT,0,none,dry_negative,KAL_RAT_2016-07-20
KAL00260,S1A_IW_GRDH_1SDV_20200309T002528_20200309T002554_031591_03A3DF_rtc,2020-03-09,data/images/KAL00260.npy,KAL_KLT,0,none,dry_negative,KAL_KLT_2020-03-04
KAL00265,S1A_IW_GRDH_1SSV_20150216T002440_20150216T002505_004641_005B9D_rtc,2015-02-16,data/images/KAL00265.npy,KAL_AGA,0,none,dry_negative,KAL_AGA_2015-02-20
KAL00264,S1A_IW_GRDH_1SDV_20230902T002554_20230902T002619_050141_0608DD_rtc,2023-09-02,data/images/KAL00264.npy,KAL_BAL,0,none,dry_negative,KAL_BAL_2023-08-31
KAL00263,S1A_IW_GRDH_1SDV_20210924T124920_20210924T124949_039824_04B5F3_rtc,2021-09-24,data/images/KAL00263.npy,KAL_RAT,0,none,dry_negative,KAL_RAT_2021-09-30
KAL00266,S1A_IW_GRDH_1SDV_20171003T002518_20171003T002544_018641_01F6F3_rtc,2017-10-03,data/images/KAL00266.npy,KAL_RAT,0,none,dry_negative,KAL_RAT_2017-09-29
KAL00268,S1A_IW_GRDH_1SDV_20200121T002529_20200121T002554_030891_038B9A_rtc,2020-01-21,data/images/KAL00268.npy,KAL_RAT,0,none,dry_negative,KAL_RAT_2020-01-20
KAL00267,S1A_IW_GRDH_1SDV_20200812T124912_20200812T124941_033874_03EDB4_rtc,2020-08-12,data/images/KAL00267.npy,KAL_RAT,0,none,dry_negative,KAL_RAT_2020-08-14
KAL00270,S1A_IW_GRDH_1SDV_20161231T002511_20161231T002537_014616_017C33_rtc,2016-12-31,data/images/KAL00270.npy,KAL_RAT,0,none,dry_negative,KAL_RAT_2016-12-26
KAL00269,S1A_IW_GRDH_1SDV_20210819T124918_20210819T124947_039299_04A407_rtc,2021-08-19,data/images/KAL00269.npy,KAL_RAT,0,none,dry_negative,KAL_RAT_2021-08-27
KAL00272,S1A_IW_GRDH_1SSV_20150511T002443_20150511T002508_005866_0078D8_rtc,2015-05-11,data/images/KAL00272.npy,KAL_AGA,0,none,dry_negative,KAL_AGA_2015-05-06
KAL00271,S1A_IW_GRDH_1SDV_20190619T002526_20190619T002551_027741_0321A2_rtc,2019-06-19,data/images/KAL00271.npy,KAL_BUL,0,none,dry_negative,KAL_BUL_2019-06-23
KAL00273,S1A_IW_GRDH_1SDV_20210912T002543_20210912T002608_039641_04AFCB_rtc,2021-09-12,data/images/KAL00273.npy,KAL_KLT,0,none,dry_negative,KAL_KLT_2021-09-15
KAL00274,S1A_IW_GRDH_1SDV_20200321T002528_20200321T002554_031766_03AA00_rtc,2020-03-21,data/images/KAL00274.npy,KAL_BUL,0,none,dry_negative,KAL_BUL_2020-03-19
KAL00276,S1A_IW_GRDH_1SDV_20221001T002550_20221001T002615_045241_05686D_rtc,2022-10-01,data/images/KAL00276.npy,KAL_RAT,0,none,dry_negative,KAL_RAT_2022-09-30
