src,dst,edge_type,weight,distance_km
KEL_UP,KEL_KIT,flow,1.0,28.56
KEL_KIT,KEL_HAN,flow,1.0,37.69
KEL_HAN,KEL_KAD,flow,1.0,11.46
KEL_KAD,KEL_COL,flow,1.0,12.82
KAL_BAL,KAL_RAT,flow,1.0,33.09
KAL_RAT,KAL_BUL,flow,1.0,23.33
KAL_BUL,KAL_KLT,flow,1.0,26.81
GIN_NEL,GIN_BAD,flow,1.0,30.25
GIN_BAD,GIN_GAL,flow,1.0,9.74
NIL_PIT,NIL_AKU,flow,1.0,23.48
NIL_AKU,NIL_MAT,flow,1.0,18.54
ATT_NIT,ATT_GAM,flow,1.0,12.7
ATT_GAM,ATT_JAE,flow,1.0,11.43
MHO_GIR,MHO_MOU,flow,1.0,31.94
DED_KUR,DED_CHI,flow,1.0,63.06
MAH_NUW,MAH_PER,flow,1.0,41.16
MAH_PER,MAH_MHY,flow,1.0,44.95
MAH_MHY,MAH_MAN,flow,1.0,66.52
GAL_ING,GAL_AMP,flow,1.0,21.41
BAT_VAL,BAT_BAT,flow,1.0,29.35
WAL_EMB,WAL_AMB,flow,1.0,31.02
MAL_ANU,MAL_MAN,flow,1.0,83.06
KEL_HAN,KEL_AVI,flow,1.0,15.37
KAL_BUL,KAL_AGA,flow,1.0,14.58
GIN_NEL,GIN_THA,flow,1.0,11.06
NIL_PIT,NIL_URA,flow,1.0,9.39
MAH_PER,MAH_VIC,flow,1.0,20.46
MAH_MHY,MAH_POL,flow,1.0,67.72
WAL_EMB,WAL_UDA,flow,1.0,11.39
ATT_NIT,ATT_VEY,flow,1.0,4.37
DED_KUR,DED_WAR,flow,1.0,20.75
COL_KOT,COL_KOL,flow,1.0,5.12
KEL_KIT,KEL_RUW,flow,1.0,18.69
MAH_PER,MAH_KAN,flow,1.0,4.65
BAT_VAL,BAT_ERA,flow,1.0,18.38
KEL_UP,KAL_BAL,spatial,0.5789,21.87
KEL_UP,MAH_NUW,spatial,0.5692,22.54
KEL_UP,KEL_KIT,spatial,0.4897,28.56
KEL_UP,KAL_RAT,spatial,0.4846,28.98
KEL_KIT,KEL_RUW,spatial,0.6268,18.69
KEL_KIT,KEL_AVI,spatial,0.5694,22.52
KEL_KIT,KEL_UP,spatial,0.4897,28.56
KEL_KIT,KAL_RAT,spatial,0.4269,34.05
KEL_HAN,KEL_KAD,spatial,0.7509,11.46
KEL_HAN,KEL_AVI,spatial,0.681,15.37
KEL_HAN,COL_KOT,spatial,0.6059,20.04
KEL_HAN,COL_KOL,spatial,0.5862,21.36
KEL_KAD,COL_KOL,spatial,0.7758,10.16
KEL_KAD,COL_KOT,spatial,0.7722,10.34
KEL_KAD,KEL_HAN,spatial,0.7509,11.46
KEL_KAD,KEL_COL,spatial,0.7258,12.82
KEL_COL,COL_KOL,spatial,0.8921,4.57
KEL_COL,COL_KOT,spatial,0.7861,9.63
KEL_COL,ATT_JAE,spatial,0.7454,11.75
KEL_COL,KEL_KAD,spatial,0.7258,12.82
KAL_BAL,KEL_UP,spatial,0.5789,21.87
KAL_BAL,WAL_UDA,spatial,0.461,30.97
KAL_BAL,KAL_RAT,spatial,0.4372,33.09
KAL_BAL,MAH_NUW,spatial,0.4242,34.3
KAL_RAT,KAL_BUL,spatial,0.558,23.33
KAL_RAT,KEL_UP,spatial,0.4846,28.98
KAL_RAT,GIN_NEL,spatial,0.458,31.23
KAL_RAT,KAL_AGA,spatial,0.4477,32.15
KAL_BUL,KAL_AGA,spatial,0.6945,14.58
KAL_BUL,KAL_RAT,spatial,0.558,23.33
KAL_BUL,KAL_KLT,spatial,0.5116,26.81
KAL_BUL,GIN_NEL,spatial,0.4879,28.7
KAL_KLT,KAL_AGA,spatial,0.5819,21.66
KAL_KLT,KAL_BUL,spatial,0.5116,26.81
KAL_KLT,COL_KOT,spatial,0.4217,34.53
KAL_KLT,KEL_HAN,spatial,0.3873,37.94
GIN_NEL,GIN_THA,spatial,0.7585,11.06
GIN_NEL,KAL_AGA,spatial,0.6048,20.12
GIN_NEL,KAL_BUL,spatial,0.4879,28.7
GIN_NEL,GIN_BAD,spatial,0.4695,30.25
GIN_BAD,GIN_GAL,spatial,0.7839,9.74
GIN_BAD,GIN_THA,spatial,0.5536,23.65
GIN_BAD,GIN_NEL,spatial,0.4695,30.25
GIN_BAD,NIL_AKU,spatial,0.4371,33.1
GIN_GAL,GIN_BAD,spatial,0.7839,9.74
GIN_GAL,NIL_AKU,spatial,0.487,28.78
GIN_GAL,GIN_THA,spatial,0.478,29.53
GIN_GAL,GIN_NEL,spatial,0.3869,37.98
NIL_PIT,NIL_URA,spatial,0.7907,9.39
NIL_PIT,NIL_AKU,spatial,0.556,23.48
NIL_PIT,GIN_THA,spatial,0.5397,24.67
NIL_PIT,GIN_NEL,spatial,0.4525,31.72
NIL_AKU,NIL_MAT,spatial,0.629,18.54
NIL_AKU,NIL_URA,spatial,0.6123,19.62
NIL_AKU,NIL_PIT,spatial,0.556,23.48
NIL_AKU,GIN_GAL,spatial,0.487,28.78
NIL_MAT,NIL_AKU,spatial,0.629,18.54
NIL_MAT,NIL_URA,spatial,0.4509,31.86
NIL_MAT,NIL_PIT,spatial,0.3769,39.03
NIL_MAT,GIN_GAL,spatial,0.3718,39.57
ATT_NIT,ATT_VEY,spatial,0.8965,4.37
ATT_NIT,ATT_GAM,spatial,0.7279,12.7
ATT_NIT,KEL_RUW,spatial,0.6033,20.22
ATT_NIT,MHO_GIR,spatial,0.5874,21.28
ATT_GAM,ATT_VEY,spatial,0.7752,10.18
ATT_GAM,ATT_JAE,spatial,0.7514,11.43
ATT_GAM,ATT_NIT,spatial,0.7279,12.7
ATT_GAM,KEL_KAD,spatial,0.6421,17.72
ATT_JAE,ATT_GAM,spatial,0.7514,11.43
ATT_JAE,KEL_COL,spatial,0.7454,11.75
ATT_JAE,COL_KOL,spatial,0.6757,15.68
ATT_JAE,KEL_KAD,spatial,0.6278,18.62
MHO_GIR,ATT_VEY,spatial,0.5966,20.66
MHO_GIR,ATT_NIT,spatial,0.5874,21.28
MHO_GIR,ATT_GAM,spatial,0.4719,30.04
MHO_GIR,DED_KUR,spatial,0.4523,31.73
MHO_MOU,ATT_JAE,spatial,0.5212,26.07
MHO_MOU,ATT_GAM,spatial,0.4813,29.25
MHO_MOU,ATT_VEY,spatial,0.4731,29.94
MHO_MOU,DED_CHI,spatial,0.4626,30.84
DED_KUR,DED_WAR,spatial,0.5953,20.75
DED_KUR,MHO_GIR,spatial,0.4523,31.73
DED_KUR,MAH_PER,spatial,0.4126,35.41
DED_KUR,MAH_KAN,spatial,0.3949,37.17
DED_CHI,MHO_MOU,spatial,0.4626,30.84
DED_CHI,MHO_GIR,spatial,0.3253,44.93
DED_CHI,DED_WAR,spatial,0.3005,48.1
DED_CHI,ATT_VEY,spatial,0.252,55.13
MAH_NUW,KEL_UP,spatial,0.5692,22.54
MAH_NUW,MAH_VIC,spatial,0.4441,32.47
MAH_NUW,KAL_BAL,spatial,0.4242,34.3
MAH_NUW,KEL_KIT,spatial,0.3581,41.08
MAH_PER,MAH_KAN,spatial,0.8903,4.65
MAH_PER,MAH_VIC,spatial,0.5996,20.46
MAH_PER,DED_KUR,spatial,0.4126,35.41
MAH_PER,KEL_KIT,spatial,0.3918,37.48
MAH_MHY,MAH_VIC,spatial,0.5188,26.25
MAH_MHY,MAH_KAN,spatial,0.3623,40.61
MAH_MHY,MAH_PER,spatial,0.3251,44.95
MAH_MHY,MAH_NUW,spatial,0.2947,48.87
MAH_MAN,MAH_POL,spatial,0.7555,11.21
MAH_MAN,BAT_VAL,spatial,0.3061,47.36
MAH_MAN,BAT_ERA,spatial,0.2372,57.55
MAH_MAN,MAH_MHY,spatial,0.1895,66.52
GAL_ING,GAL_AMP,spatial,0.5856,21.41
GAL_ING,MAH_MHY,spatial,0.2409,56.94
GAL_ING,BAT_BAT,spatial,0.2145,61.57
GAL_ING,BAT_ERA,spatial,0.1996,64.46
GAL_AMP,GAL_ING,spatial,0.5856,21.41
GAL_AMP,BAT_BAT,spatial,0.3052,47.48
GAL_AMP,BAT_ERA,spatial,0.2597,53.93
GAL_AMP,BAT_VAL,spatial,0.1664,71.73
BAT_VAL,BAT_ERA,spatial,0.6317,18.38
BAT_VAL,BAT_BAT,spatial,0.4802,29.35
BAT_VAL,MAH_MAN,spatial,0.3061,47.36
BAT_VAL,MAH_POL,spatial,0.2322,58.41
BAT_BAT,BAT_ERA,spatial,0.7325,12.45
BAT_BAT,BAT_VAL,spatial,0.4802,29.35
BAT_BAT,GAL_AMP,spatial,0.3052,47.48
BAT_BAT,GAL_ING,spatial,0.2145,61.57
WAL_EMB,WAL_UDA,spatial,0.7522,11.39
WAL_EMB,NIL_URA,spatial,0.4687,30.31
WAL_EMB,WAL_AMB,spatial,0.4604,31.02
WAL_EMB,NIL_PIT,spatial,0.434,33.39
WAL_AMB,WAL_EMB,spatial,0.4604,31.02
WAL_AMB,KIR_TIS,spatial,0.4295,33.8
WAL_AMB,WAL_UDA,spatial,0.3791,38.8
WAL_AMB,NIL_URA,spatial,0.3011,48.01
KIR_TIS,WAL_AMB,spatial,0.4295,33.8
KIR_TIS,WAL_UDA,spatial,0.3038,47.65
KIR_TIS,WAL_EMB,spatial,0.301,48.02
KIR_TIS,NIL_URA,spatial,0.152,75.37
MAL_ANU,YAN_HOR,spatial,0.2388,57.29
MAL_ANU,KLA_ELA,spatial,0.1995,64.48
MAL_ANU,MAH_POL,spatial,0.1343,80.31
MAL_ANU,MAL_MAN,spatial,0.1254,83.06
MAL_MAN,MAL_ANU,spatial,0.1254,83.06
MAL_MAN,KLA_ELA,spatial,0.1064,89.63
MAL_MAN,YAN_HOR,spatial,0.0616,111.47
MAL_MAN,DED_WAR,spatial,0.0229,151.06
YAN_HOR,MAL_ANU,spatial,0.2388,57.29
YAN_HOR,MAH_POL,spatial,0.1772,69.21
YAN_HOR,MAH_MAN,spatial,0.1568,74.12
YAN_HOR,BAT_VAL,spatial,0.0818,100.12
KLA_ELA,DED_CHI,spatial,0.2008,64.21
KLA_ELA,MAL_ANU,spatial,0.1995,64.48
KLA_ELA,DED_WAR,spatial,0.1641,72.28
KLA_ELA,MAL_MAN,spatial,0.1064,89.63
KEL_AVI,KEL_RUW,spatial,0.7666,10.63
KEL_AVI,KEL_HAN,spatial,0.681,15.37
KEL_AVI,KEL_KIT,spatial,0.5694,22.52
KEL_AVI,ATT_NIT,spatial,0.5454,24.25
KAL_AGA,KAL_BUL,spatial,0.6945,14.58
KAL_AGA,GIN_NEL,spatial,0.6048,20.12
KAL_AGA,KAL_KLT,spatial,0.5819,21.66
KAL_AGA,GIN_THA,spatial,0.4695,30.24
GIN_THA,GIN_NEL,spatial,0.7585,11.06
GIN_THA,GIN_BAD,spatial,0.5536,23.65
GIN_THA,NIL_PIT,spatial,0.5397,24.67
GIN_THA,GIN_GAL,spatial,0.478,29.53
NIL_URA,NIL_PIT,spatial,0.7907,9.39
NIL_URA,NIL_AKU,spatial,0.6123,19.62
NIL_URA,WAL_EMB,spatial,0.4687,30.31
NIL_URA,GIN_THA,spatial,0.4511,31.85
MAH_VIC,MAH_KAN,spatial,0.6532,17.04
MAH_VIC,MAH_PER,spatial,0.5996,20.46
MAH_VIC,MAH_MHY,spatial,0.5188,26.25
MAH_VIC,MAH_NUW,spatial,0.4441,32.47
MAH_POL,MAH_MAN,spatial,0.7555,11.21
MAH_POL,BAT_VAL,spatial,0.2322,58.41
MAH_POL,MAH_MHY,spatial,0.184,67.72
MAH_POL,BAT_ERA,spatial,0.1795,68.71
WAL_UDA,WAL_EMB,spatial,0.7522,11.39
WAL_UDA,KAL_BAL,spatial,0.461,30.97
WAL_UDA,NIL_URA,spatial,0.3794,38.77
WAL_UDA,WAL_AMB,spatial,0.3791,38.8
ATT_VEY,ATT_NIT,spatial,0.8965,4.37
ATT_VEY,ATT_GAM,spatial,0.7752,10.18
ATT_VEY,MHO_GIR,spatial,0.5966,20.66
ATT_VEY,ATT_JAE,spatial,0.5959,20.71
DED_WAR,DED_KUR,spatial,0.5953,20.75
DED_WAR,MHO_GIR,spatial,0.4226,34.45
DED_WAR,DED_CHI,spatial,0.3005,48.1
DED_WAR,ATT_VEY,spatial,0.2522,55.1
COL_KOT,COL_KOL,spatial,0.8798,5.12
COL_KOT,KEL_COL,spatial,0.7861,9.63
COL_KOT,KEL_KAD,spatial,0.7722,10.34
COL_KOT,KEL_HAN,spatial,0.6059,20.04
COL_KOL,KEL_COL,spatial,0.8921,4.57
COL_KOL,COL_KOT,spatial,0.8798,5.12
COL_KOL,KEL_KAD,spatial,0.7758,10.16
COL_KOL,ATT_JAE,spatial,0.6757,15.68
KEL_RUW,KEL_AVI,spatial,0.7666,10.63
KEL_RUW,KEL_KIT,spatial,0.6268,18.69
KEL_RUW,ATT_NIT,spatial,0.6033,20.22
KEL_RUW,KEL_HAN,spatial,0.5457,24.22
MAH_KAN,MAH_PER,spatial,0.8903,4.65
MAH_KAN,MAH_VIC,spatial,0.6532,17.04
MAH_KAN,DED_KUR,spatial,0.3949,37.17
MAH_KAN,MAH_MHY,spatial,0.3623,40.61
BAT_ERA,BAT_BAT,spatial,0.7325,12.45
BAT_ERA,BAT_VAL,spatial,0.6317,18.38
BAT_ERA,GAL_AMP,spatial,0.2597,53.93
BAT_ERA,MAH_MAN,spatial,0.2372,57.55
