event_id,node_id,basin,start,end,duration_days,peak_discharge
ATT_GAM_20040926,ATT_GAM,AttanagaluOya,2004-09-26,2004-09-29,4,38.81
ATT_GAM_20041031,ATT_GAM,AttanagaluOya,2004-10-31,2004-11-03,4,21.65
ATT_GAM_20041109,ATT_GAM,AttanagaluOya,2004-11-09,2004-11-15,7,17.97
ATT_GAM_20061020,ATT_GAM,AttanagaluOya,2006-10-20,2006-11-29,41,40.5
ATT_GAM_20080229,ATT_GAM,AttanagaluOya,2008-02-29,2008-02-29,1,20.13
ATT_GAM_20081020,ATT_GAM,AttanagaluOya,2008-10-20,2008-10-21,2,17.88
ATT_GAM_20101204,ATT_GAM,AttanagaluOya,2010-12-04,2010-12-04,1,16.86
ATT_GAM_20101208,ATT_GAM,AttanagaluOya,2010-12-08,2010-12-09,2,17.16
ATT_GAM_20110913,ATT_GAM,AttanagaluOya,2011-09-13,2011-09-14,2,18.23
ATT_GAM_20121029,ATT_GAM,AttanagaluOya,2012-10-29,2012-11-01,4,18.23
ATT_GAM_20121124,ATT_GAM,AttanagaluOya,2012-11-24,2012-11-24,1,19.09
ATT_GAM_20121127,ATT_GAM,AttanagaluOya,2012-11-27,2012-11-28,2,21.18
ATT_GAM_20141222,ATT_GAM,AttanagaluOya,2014-12-22,2014-12-28,7,24.64
ATT_GAM_20151016,ATT_GAM,AttanagaluOya,2015-10-16,2015-11-03,19,32.19
ATT_GAM_20160515,ATT_GAM,AttanagaluOya,2016-05-15,2016-05-23,9,69.47
ATT_GAM_20171031,ATT_GAM,AttanagaluOya,2017-10-31,2017-10-31,1,17.75
ATT_GAM_20171105,ATT_GAM,AttanagaluOya,2017-11-05,2017-11-07,3,19.09
ATT_GAM_20180930,ATT_GAM,AttanagaluOya,2018-09-30,2018-10-01,2,24.12
ATT_GAM_20191015,ATT_GAM,AttanagaluOya,2019-10-15,2019-10-22,8,27.12
ATT_GAM_20211108,ATT_GAM,AttanagaluOya,2021-11-08,2021-11-11,4,24.29
ATT_GAM_20231021,ATT_GAM,AttanagaluOya,2023-10-21,2023-10-23,3,21.7
ATT_GAM_20231104,ATT_GAM,AttanagaluOya,2023-11-04,2023-11-14,11,24.06
ATT_GAM_20231122,ATT_GAM,AttanagaluOya,2023-11-22,2023-11-23,2,17.88
ATT_GAM_20240521,ATT_GAM,AttanagaluOya,2024-05-21,2024-05-30,10,21.65
ATT_GAM_20241128,ATT_GAM,AttanagaluOya,2024-11-28,2024-11-30,3,19.37
ATT_JAE_20040926,ATT_JAE,AttanagaluOya,2004-09-26,2004-09-29,4,21.28
ATT_JAE_20041031,ATT_JAE,AttanagaluOya,2004-10-31,2004-11-01,2,6.83
ATT_JAE_20041109,ATT_JAE,AttanagaluOya,2004-11-09,2004-11-10,2,5.59
ATT_JAE_20061020,ATT_JAE,AttanagaluOya,2006-10-20,2006-11-23,35,15.56
ATT_JAE_20061126,ATT_JAE,AttanagaluOya,2006-11-26,2006-11-27,2,7.34
ATT_JAE_20080229,ATT_JAE,AttanagaluOya,2008-02-29,2008-03-01,2,8.82
ATT_JAE_20080310,ATT_JAE,AttanagaluOya,2008-03-10,2008-03-11,2,7.0
ATT_JAE_20080315,ATT_JAE,AttanagaluOya,2008-03-15,2008-03-15,1,5.62
ATT_JAE_20081019,ATT_JAE,AttanagaluOya,2008-10-19,2008-10-21,3,6.96
ATT_JAE_20090524,ATT_JAE,AttanagaluOya,2009-05-24,2009-05-24,1,6.43
ATT_JAE_20101002,ATT_JAE,AttanagaluOya,2010-10-02,2010-10-03,2,6.46
ATT_JAE_20101111,ATT_JAE,AttanagaluOya,2010-11-11,2010-11-11,1,8.18
ATT_JAE_20101201,ATT_JAE,AttanagaluOya,2010-12-01,2010-12-04,4,6.33
ATT_JAE_20101208,ATT_JAE,AttanagaluOya,2010-12-08,2010-12-09,2,6.46
ATT_JAE_20101225,ATT_JAE,AttanagaluOya,2010-12-25,2010-12-25,1,6.11
ATT_JAE_20110913,ATT_JAE,AttanagaluOya,2011-09-13,2011-09-14,2,5.95
ATT_JAE_20111029,ATT_JAE,AttanagaluOya,2011-10-29,2011-10-30,2,6.28
ATT_JAE_20121023,ATT_JAE,AttanagaluOya,2012-10-23,2012-10-23,1,6.0
ATT_JAE_20121029,ATT_JAE,AttanagaluOya,2012-10-29,2012-11-01,4,6.59
ATT_JAE_20121124,ATT_JAE,AttanagaluOya,2012-11-24,2012-11-24,1,6.8
ATT_JAE_20121127,ATT_JAE,AttanagaluOya,2012-11-27,2012-11-27,1,6.21
ATT_JAE_20130107,ATT_JAE,AttanagaluOya,2013-01-07,2013-01-07,1,6.1
ATT_JAE_20141017,ATT_JAE,AttanagaluOya,2014-10-17,2014-10-18,2,6.0
ATT_JAE_20141220,ATT_JAE,AttanagaluOya,2014-12-20,2014-12-26,7,9.4
ATT_JAE_20151016,ATT_JAE,AttanagaluOya,2015-10-16,2015-10-29,14,12.65
ATT_JAE_20160515,ATT_JAE,AttanagaluOya,2016-05-15,2016-05-20,6,31.06
ATT_JAE_20161119,ATT_JAE,AttanagaluOya,2016-11-19,2016-11-19,1,6.0
ATT_JAE_20171030,ATT_JAE,AttanagaluOya,2017-10-30,2017-10-31,2,6.59
ATT_JAE_20171105,ATT_JAE,AttanagaluOya,2017-11-05,2017-11-06,2,6.1
ATT_JAE_20171130,ATT_JAE,AttanagaluOya,2017-11-30,2017-12-01,2,7.22
ATT_JAE_20180607,ATT_JAE,AttanagaluOya,2018-06-07,2018-06-07,1,6.31
ATT_JAE_20180929,ATT_JAE,AttanagaluOya,2018-09-29,2018-10-01,3,12.74
ATT_JAE_20181024,ATT_JAE,AttanagaluOya,2018-10-24,2018-10-24,1,6.66
ATT_JAE_20191015,ATT_JAE,AttanagaluOya,2019-10-15,2019-10-16,2,9.26
ATT_JAE_20191020,ATT_JAE,AttanagaluOya,2019-10-20,2019-10-21,2,6.94
ATT_JAE_20191220,ATT_JAE,AttanagaluOya,2019-12-20,2019-12-22,3,6.24
ATT_JAE_20200809,ATT_JAE,AttanagaluOya,2020-08-09,2020-08-09,1,5.59
ATT_JAE_20210113,ATT_JAE,AttanagaluOya,2021-01-13,2021-01-13,1,6.14
ATT_JAE_20211029,ATT_JAE,AttanagaluOya,2021-10-29,2021-10-30,2,6.48
ATT_JAE_20211108,ATT_JAE,AttanagaluOya,2021-11-08,2021-11-11,4,10.25
ATT_JAE_20220514,ATT_JAE,AttanagaluOya,2022-05-14,2022-05-14,1,6.31
ATT_JAE_20231021,ATT_JAE,AttanagaluOya,2023-10-21,2023-10-22,2,5.95
ATT_JAE_20231105,ATT_JAE,AttanagaluOya,2023-11-05,2023-11-08,4,6.6
ATT_JAE_20240520,ATT_JAE,AttanagaluOya,2024-05-20,2024-05-28,9,7.69
ATT_JAE_20240603,ATT_JAE,AttanagaluOya,2024-06-03,2024-06-03,1,5.95
ATT_JAE_20240818,ATT_JAE,AttanagaluOya,2024-08-18,2024-08-18,1,6.03
ATT_JAE_20241012,ATT_JAE,AttanagaluOya,2024-10-12,2024-10-12,1,6.43
ATT_JAE_20241015,ATT_JAE,AttanagaluOya,2024-10-15,2024-10-15,1,5.62
ATT_JAE_20241127,ATT_JAE,AttanagaluOya,2024-11-27,2024-11-30,4,6.96
ATT_NIT_20040926,ATT_NIT,AttanagaluOya,2004-09-26,2004-09-30,5,55.49
ATT_NIT_20041101,ATT_NIT,AttanagaluOya,2004-11-01,2004-11-02,2,29.41
ATT_NIT_20041111,ATT_NIT,AttanagaluOya,2004-11-11,2004-11-13,3,28.72
ATT_NIT_20061020,ATT_NIT,AttanagaluOya,2006-10-20,2006-11-29,41,65.22
ATT_NIT_20080229,ATT_NIT,AttanagaluOya,2008-02-29,2008-02-29,1,31.14
ATT_NIT_20081020,ATT_NIT,AttanagaluOya,2008-10-20,2008-10-21,2,31.58
ATT_NIT_20121029,ATT_NIT,AttanagaluOya,2012-10-29,2012-10-30,2,29.06
ATT_NIT_20121124,ATT_NIT,AttanagaluOya,2012-11-24,2012-11-29,6,44.08
ATT_NIT_20130107,ATT_NIT,AttanagaluOya,2013-01-07,2013-01-08,2,34.32
ATT_NIT_20130324,ATT_NIT,AttanagaluOya,2013-03-24,2013-03-25,2,35.56
ATT_NIT_20141222,ATT_NIT,AttanagaluOya,2014-12-22,2014-12-29,8,38.36
ATT_NIT_20151018,ATT_NIT,AttanagaluOya,2015-10-18,2015-11-05,19,50.17
ATT_NIT_20160515,ATT_NIT,AttanagaluOya,2016-05-15,2016-05-23,9,123.74
ATT_NIT_20171031,ATT_NIT,AttanagaluOya,2017-10-31,2017-11-01,2,35.06
ATT_NIT_20171104,ATT_NIT,AttanagaluOya,2017-11-04,2017-11-09,6,41.85
ATT_NIT_20191015,ATT_NIT,AttanagaluOya,2019-10-15,2019-10-25,11,45.34
ATT_NIT_20201115,ATT_NIT,AttanagaluOya,2020-11-15,2020-11-16,2,30.62
ATT_NIT_20211108,ATT_NIT,AttanagaluOya,2021-11-08,2021-11-13,6,38.26
ATT_NIT_20231021,ATT_NIT,AttanagaluOya,2023-10-21,2023-10-24,4,39.64
ATT_NIT_20231104,ATT_NIT,AttanagaluOya,2023-11-04,2023-11-14,11,37.02
ATT_NIT_20231122,ATT_NIT,AttanagaluOya,2023-11-22,2023-11-23,2,29.55
ATT_NIT_20240527,ATT_NIT,AttanagaluOya,2024-05-27,2024-05-28,2,31.73
ATT_NIT_20241128,ATT_NIT,AttanagaluOya,2024-11-28,2024-11-30,3,30.99
ATT_VEY_20040926,ATT_VEY,AttanagaluOya,2004-09-26,2004-09-30,5,33.91
ATT_VEY_20061020,ATT_VEY,AttanagaluOya,2006-10-20,2006-11-28,40,25.73
ATT_VEY_20080229,ATT_VEY,AttanagaluOya,2008-02-29,2008-02-29,1,14.35
ATT_VEY_20080315,ATT_VEY,AttanagaluOya,2008-03-15,2008-03-15,1,10.25
ATT_VEY_20081016,ATT_VEY,AttanagaluOya,2008-10-16,2008-10-22,7,12.93
ATT_VEY_20121124,ATT_VEY,AttanagaluOya,2012-11-24,2012-11-29,6,22.33
ATT_VEY_20130107,ATT_VEY,AttanagaluOya,2013-01-07,2013-01-08,2,20.53
ATT_VEY_20130324,ATT_VEY,AttanagaluOya,2013-03-24,2013-03-25,2,23.89
ATT_VEY_20141220,ATT_VEY,AttanagaluOya,2014-12-20,2014-12-29,10,14.81
ATT_VEY_20151013,ATT_VEY,AttanagaluOya,2015-10-13,2015-10-14,2,12.21
ATT_VEY_20151018,ATT_VEY,AttanagaluOya,2015-10-18,2015-11-05,19,23.21
ATT_VEY_20160515,ATT_VEY,AttanagaluOya,2016-05-15,2016-05-20,6,81.22
ATT_VEY_20171031,ATT_VEY,AttanagaluOya,2017-10-31,2017-11-11,12,19.8
ATT_VEY_20180929,ATT_VEY,AttanagaluOya,2018-09-29,2018-09-30,2,11.13
ATT_VEY_20191015,ATT_VEY,AttanagaluOya,2019-10-15,2019-10-24,10,17.92
ATT_VEY_20201115,ATT_VEY,AttanagaluOya,2020-11-15,2020-11-17,3,16.7
ATT_VEY_20210113,ATT_VEY,AttanagaluOya,2021-01-13,2021-01-14,2,11.19
ATT_VEY_20211108,ATT_VEY,AttanagaluOya,2021-11-08,2021-11-17,10,17.41
ATT_VEY_20231021,ATT_VEY,AttanagaluOya,2023-10-21,2023-10-24,4,13.76
ATT_VEY_20231105,ATT_VEY,AttanagaluOya,2023-11-05,2023-11-10,6,11.3
ATT_VEY_20231122,ATT_VEY,AttanagaluOya,2023-11-22,2023-11-23,2,10.67
ATT_VEY_20241127,ATT_VEY,AttanagaluOya,2024-11-27,2024-11-30,4,11.71
BAT_BAT_20041215,BAT_BAT,Batticaloa,2004-12-15,2004-12-18,4,170.79
BAT_BAT_20051120,BAT_BAT,Batticaloa,2005-11-20,2005-11-27,8,280.19
BAT_BAT_20080317,BAT_BAT,Batticaloa,2008-03-17,2008-03-18,2,136.72
BAT_BAT_20101204,BAT_BAT,Batticaloa,2010-12-04,2010-12-05,2,137.36
BAT_BAT_20101224,BAT_BAT,Batticaloa,2010-12-24,2011-01-23,31,398.02
BAT_BAT_20110201,BAT_BAT,Batticaloa,2011-02-01,2011-02-15,15,441.59
BAT_BAT_20111219,BAT_BAT,Batticaloa,2011-12-19,2011-12-26,8,205.06
BAT_BAT_20121223,BAT_BAT,Batticaloa,2012-12-23,2012-12-26,4,152.46
BAT_BAT_20130106,BAT_BAT,Batticaloa,2013-01-06,2013-01-12,7,290.74
BAT_BAT_20130124,BAT_BAT,Batticaloa,2013-01-24,2013-01-27,4,189.99
BAT_BAT_20131205,BAT_BAT,Batticaloa,2013-12-05,2013-12-07,3,209.38
BAT_BAT_20141126,BAT_BAT,Batticaloa,2014-11-26,2014-11-27,2,135.77
BAT_BAT_20141220,BAT_BAT,Batticaloa,2014-12-20,2015-01-04,16,388.94
BAT_BAT_20151027,BAT_BAT,Batticaloa,2015-10-27,2015-10-30,4,163.06
BAT_BAT_20181106,BAT_BAT,Batticaloa,2018-11-06,2018-11-11,6,362.08
BAT_BAT_20221227,BAT_BAT,Batticaloa,2022-12-27,2022-12-29,3,195.34
BAT_BAT_20231218,BAT_BAT,Batticaloa,2023-12-18,2023-12-19,2,132.35
BAT_BAT_20241127,BAT_BAT,Batticaloa,2024-11-27,2024-12-02,6,288.73
BAT_BAT_20241219,BAT_BAT,Batticaloa,2024-12-19,2024-12-20,2,230.21
BAT_ERA_20041215,BAT_ERA,Batticaloa,2004-12-15,2004-12-18,4,172.78
BAT_ERA_20051120,BAT_ERA,Batticaloa,2005-11-20,2005-11-27,8,280.84
BAT_ERA_20080317,BAT_ERA,Batticaloa,2008-03-17,2008-03-18,2,137.04
BAT_ERA_20101204,BAT_ERA,Batticaloa,2010-12-04,2010-12-05,2,138.32
BAT_ERA_20101224,BAT_ERA,Batticaloa,2010-12-24,2011-01-23,31,402.65
BAT_ERA_20110201,BAT_ERA,Batticaloa,2011-02-01,2011-02-15,15,445.68
BAT_ERA_20111219,BAT_ERA,Batticaloa,2011-12-19,2011-12-26,8,206.01
BAT_ERA_20121223,BAT_ERA,Batticaloa,2012-12-23,2012-12-26,4,153.88
BAT_ERA_20130106,BAT_ERA,Batticaloa,2013-01-06,2013-01-13,8,292.76
BAT_ERA_20130124,BAT_ERA,Batticaloa,2013-01-24,2013-01-27,4,191.75
BAT_ERA_20131205,BAT_ERA,Batticaloa,2013-12-05,2013-12-07,3,210.84
BAT_ERA_20141126,BAT_ERA,Batticaloa,2014-11-26,2014-11-27,2,137.04
BAT_ERA_20141220,BAT_ERA,Batticaloa,2014-12-20,2015-01-04,16,393.46
BAT_ERA_20151028,BAT_ERA,Batticaloa,2015-10-28,2015-10-30,3,164.96
BAT_ERA_20181106,BAT_ERA,Batticaloa,2018-11-06,2018-11-11,6,361.24
BAT_ERA_20201224,BAT_ERA,Batticaloa,2020-12-24,2020-12-24,1,127.53
BAT_ERA_20221227,BAT_ERA,Batticaloa,2022-12-27,2022-12-29,3,194.88
BAT_ERA_20231218,BAT_ERA,Batticaloa,2023-12-18,2023-12-19,2,133.59
BAT_ERA_20241127,BAT_ERA,Batticaloa,2024-11-27,2024-12-02,6,292.76
BAT_ERA_20241219,BAT_ERA,Batticaloa,2024-12-19,2024-12-20,2,234.5
BAT_VAL_20041104,BAT_VAL,Batticaloa,2004-11-04,2004-11-04,1,1.99
BAT_VAL_20041213,BAT_VAL,Batticaloa,2004-12-13,2004-12-18,6,2.87
BAT_VAL_20051119,BAT_VAL,Batticaloa,2005-11-19,2005-11-26,8,3.94
BAT_VAL_20080316,BAT_VAL,Batticaloa,2008-03-16,2008-03-17,2,2.06
BAT_VAL_20101203,BAT_VAL,Batticaloa,2010-12-03,2010-12-05,3,2.53
BAT_VAL_20101223,BAT_VAL,Batticaloa,2010-12-23,2011-01-20,29,6.83
BAT_VAL_20110201,BAT_VAL,Batticaloa,2011-02-01,2011-02-13,13,7.15
BAT_VAL_20111125,BAT_VAL,Batticaloa,2011-11-25,2011-11-25,1,2.05
BAT_VAL_20111219,BAT_VAL,Batticaloa,2011-12-19,2011-12-25,7,2.95
BAT_VAL_20121029,BAT_VAL,Batticaloa,2012-10-29,2012-10-30,2,3.61
BAT_VAL_20121222,BAT_VAL,Batticaloa,2012-12-22,2012-12-26,5,2.69
BAT_VAL_20130106,BAT_VAL,Batticaloa,2013-01-06,2013-01-11,6,4.3
BAT_VAL_20131204,BAT_VAL,Batticaloa,2013-12-04,2013-12-05,2,2.79
BAT_VAL_20141125,BAT_VAL,Batticaloa,2014-11-25,2014-11-27,3,2.48
BAT_VAL_20141220,BAT_VAL,Batticaloa,2014-12-20,2015-01-02,14,5.71
BAT_VAL_20151027,BAT_VAL,Batticaloa,2015-10-27,2015-10-29,3,2.54
BAT_VAL_20151114,BAT_VAL,Batticaloa,2015-11-14,2015-11-16,3,2.78
BAT_VAL_20160515,BAT_VAL,Batticaloa,2016-05-15,2016-05-16,2,2.78
BAT_VAL_20181105,BAT_VAL,Batticaloa,2018-11-05,2018-11-10,6,4.73
BAT_VAL_20201202,BAT_VAL,Batticaloa,2020-12-02,2020-12-02,1,1.95
BAT_VAL_20201222,BAT_VAL,Batticaloa,2020-12-22,2020-12-23,2,2.22
BAT_VAL_20221112,BAT_VAL,Batticaloa,2022-11-12,2022-11-13,2,2.18
BAT_VAL_20221226,BAT_VAL,Batticaloa,2022-12-26,2022-12-28,3,3.65
BAT_VAL_20241126,BAT_VAL,Batticaloa,2024-11-26,2024-12-01,6,5.64
BAT_VAL_20241219,BAT_VAL,Batticaloa,2024-12-19,2024-12-20,2,3.12
COL_KOL_20040926,COL_KOL,ColomboMetro,2004-09-26,2004-09-27,2,618.44
COL_KOL_20041101,COL_KOL,ColomboMetro,2004-11-01,2004-11-03,3,635.8
COL_KOL_20041109,COL_KOL,ColomboMetro,2004-11-09,2004-11-17,9,607.13
COL_KOL_20061020,COL_KOL,ColomboMetro,2006-10-20,2006-11-29,41,976.24
COL_KOL_20080315,COL_KOL,ColomboMetro,2008-03-15,2008-03-16,2,551.08
COL_KOL_20081020,COL_KOL,ColomboMetro,2008-10-20,2008-10-21,2,573.12
COL_KOL_20101203,COL_KOL,ColomboMetro,2010-12-03,2010-12-04,2,539.75
COL_KOL_20121028,COL_KOL,ColomboMetro,2012-10-28,2012-11-02,6,653.64
COL_KOL_20121108,COL_KOL,ColomboMetro,2012-11-08,2012-11-10,3,544.76
COL_KOL_20121127,COL_KOL,ColomboMetro,2012-11-27,2012-11-28,2,590.56
COL_KOL_20141222,COL_KOL,ColomboMetro,2014-12-22,2014-12-28,7,757.58
COL_KOL_20151018,COL_KOL,ColomboMetro,2015-10-18,2015-11-08,22,738.61
COL_KOL_20160515,COL_KOL,ColomboMetro,2016-05-15,2016-05-23,9,1204.04
COL_KOL_20171106,COL_KOL,ColomboMetro,2017-11-06,2017-11-06,1,553.63
COL_KOL_20191015,COL_KOL,ColomboMetro,2019-10-15,2019-10-17,3,641.69
COL_KOL_20191020,COL_KOL,ColomboMetro,2019-10-20,2019-10-22,3,614.18
COL_KOL_20231021,COL_KOL,ColomboMetro,2023-10-21,2023-10-23,3,695.63
COL_KOL_20231031,COL_KOL,ColomboMetro,2023-10-31,2023-11-16,17,733.51
COL_KOL_20231121,COL_KOL,ColomboMetro,2023-11-21,2023-11-25,5,604.34
COL_KOL_20240524,COL_KOL,ColomboMetro,2024-05-24,2024-05-30,7,687.65
COL_KOL_20241128,COL_KOL,ColomboMetro,2024-11-28,2024-11-29,2,563.94
COL_KOT_20030623,COL_KOT,ColomboMetro,2003-06-23,2003-06-23,1,9.19
COL_KOT_20031104,COL_KOT,ColomboMetro,2003-11-04,2003-11-04,1,11.22
COL_KOT_20040926,COL_KOT,ColomboMetro,2004-09-26,2004-09-27,2,25.67
COL_KOT_20041021,COL_KOT,ColomboMetro,2004-10-21,2004-10-21,1,11.11
COL_KOT_20041026,COL_KOT,ColomboMetro,2004-10-26,2004-10-27,2,9.79
COL_KOT_20041031,COL_KOT,ColomboMetro,2004-10-31,2004-11-01,2,15.07
COL_KOT_20041109,COL_KOT,ColomboMetro,2004-11-09,2004-11-09,1,10.43
COL_KOT_20041114,COL_KOT,ColomboMetro,2004-11-14,2004-11-14,1,9.35
COL_KOT_20041203,COL_KOT,ColomboMetro,2004-12-03,2004-12-03,1,9.26
COL_KOT_20050904,COL_KOT,ColomboMetro,2005-09-04,2005-09-04,1,11.47
COL_KOT_20050911,COL_KOT,ColomboMetro,2005-09-11,2005-09-11,1,9.35
COL_KOT_20061018,COL_KOT,ColomboMetro,2006-10-18,2006-10-27,10,37.37
COL_KOT_20061106,COL_KOT,ColomboMetro,2006-11-06,2006-11-07,2,30.33
COL_KOT_20061111,COL_KOT,ColomboMetro,2006-11-11,2006-11-12,2,9.64
COL_KOT_20061115,COL_KOT,ColomboMetro,2006-11-15,2006-11-20,6,19.84
COL_KOT_20061126,COL_KOT,ColomboMetro,2006-11-26,2006-11-26,1,12.12
COL_KOT_20070407,COL_KOT,ColomboMetro,2007-04-07,2007-04-08,2,11.91
COL_KOT_20070411,COL_KOT,ColomboMetro,2007-04-11,2007-04-12,2,10.17
COL_KOT_20070615,COL_KOT,ColomboMetro,2007-06-15,2007-06-15,1,9.16
COL_KOT_20070621,COL_KOT,ColomboMetro,2007-06-21,2007-06-21,1,9.72
COL_KOT_20080228,COL_KOT,ColomboMetro,2008-02-28,2008-03-01,3,16.82
COL_KOT_20080310,COL_KOT,ColomboMetro,2008-03-10,2008-03-11,2,17.92
COL_KOT_20080409,COL_KOT,ColomboMetro,2008-04-09,2008-04-09,1,9.99
COL_KOT_20080718,COL_KOT,ColomboMetro,2008-07-18,2008-07-18,1,9.38
COL_KOT_20081020,COL_KOT,ColomboMetro,2008-10-20,2008-10-21,2,12.96
COL_KOT_20081121,COL_KOT,ColomboMetro,2008-11-21,2008-11-21,1,11.02
COL_KOT_20090524,COL_KOT,ColomboMetro,2009-05-24,2009-05-24,1,13.86
COL_KOT_20091224,COL_KOT,ColomboMetro,2009-12-24,2009-12-25,2,9.79
COL_KOT_20100520,COL_KOT,ColomboMetro,2010-05-20,2010-05-20,1,8.98
COL_KOT_20100610,COL_KOT,ColomboMetro,2010-06-10,2010-06-10,1,9.26
COL_KOT_20101002,COL_KOT,ColomboMetro,2010-10-02,2010-10-03,2,15.44
COL_KOT_20101111,COL_KOT,ColomboMetro,2010-11-11,2010-11-12,2,19.89
COL_KOT_20101122,COL_KOT,ColomboMetro,2010-11-22,2010-11-22,1,11.97
COL_KOT_20101201,COL_KOT,ColomboMetro,2010-12-01,2010-12-01,1,9.64
COL_KOT_20101204,COL_KOT,ColomboMetro,2010-12-04,2010-12-04,1,9.23
COL_KOT_20101208,COL_KOT,ColomboMetro,2010-12-08,2010-12-08,1,10.32
COL_KOT_20101225,COL_KOT,ColomboMetro,2010-12-25,2010-12-25,1,9.45
COL_KOT_20110912,COL_KOT,ColomboMetro,2011-09-12,2011-09-14,3,10.46
COL_KOT_20111023,COL_KOT,ColomboMetro,2011-10-23,2011-10-23,1,10.32
COL_KOT_20120214,COL_KOT,ColomboMetro,2012-02-14,2012-02-14,1,13.39
COL_KOT_20120313,COL_KOT,ColomboMetro,2012-03-13,2012-03-13,1,9.47
COL_KOT_20121023,COL_KOT,ColomboMetro,2012-10-23,2012-10-23,1,12.15
COL_KOT_20121028,COL_KOT,ColomboMetro,2012-10-28,2012-10-29,2,11.56
COL_KOT_20121101,COL_KOT,ColomboMetro,2012-11-01,2012-11-01,1,9.59
COL_KOT_20121127,COL_KOT,ColomboMetro,2012-11-27,2012-11-27,1,10.4
COL_KOT_20131030,COL_KOT,ColomboMetro,2013-10-30,2013-11-02,4,12.43
COL_KOT_20140427,COL_KOT,ColomboMetro,2014-04-27,2014-04-27,1,11.91
COL_KOT_20141015,COL_KOT,ColomboMetro,2014-10-15,2014-10-18,4,14.31
COL_KOT_20141217,COL_KOT,ColomboMetro,2014-12-17,2014-12-17,1,9.72
COL_KOT_20141223,COL_KOT,ColomboMetro,2014-12-23,2014-12-25,3,15.98
COL_KOT_20150420,COL_KOT,ColomboMetro,2015-04-20,2015-04-20,1,10.56
COL_KOT_20151016,COL_KOT,ColomboMetro,2015-10-16,2015-10-20,5,21.54
COL_KOT_20151023,COL_KOT,ColomboMetro,2015-10-23,2015-10-27,5,10.14
COL_KOT_20151218,COL_KOT,ColomboMetro,2015-12-18,2015-12-18,1,9.3
COL_KOT_20160513,COL_KOT,ColomboMetro,2016-05-13,2016-05-19,7,43.26
COL_KOT_20161119,COL_KOT,ColomboMetro,2016-11-19,2016-11-19,1,11.16
COL_KOT_20170130,COL_KOT,ColomboMetro,2017-01-30,2017-01-30,1,11.53
COL_KOT_20171106,COL_KOT,ColomboMetro,2017-11-06,2017-11-06,1,10.61
COL_KOT_20171130,COL_KOT,ColomboMetro,2017-11-30,2017-12-01,2,14.17
COL_KOT_20180607,COL_KOT,ColomboMetro,2018-06-07,2018-06-07,1,12.24
COL_KOT_20180929,COL_KOT,ColomboMetro,2018-09-29,2018-10-01,3,18.68
COL_KOT_20181024,COL_KOT,ColomboMetro,2018-10-24,2018-10-24,1,14.52
COL_KOT_20190813,COL_KOT,ColomboMetro,2019-08-13,2019-08-13,1,9.5
COL_KOT_20191013,COL_KOT,ColomboMetro,2019-10-13,2019-10-16,4,20.98
COL_KOT_20191020,COL_KOT,ColomboMetro,2019-10-20,2019-10-20,1,10.3
COL_KOT_20191130,COL_KOT,ColomboMetro,2019-11-30,2019-11-30,1,9.47
COL_KOT_20191205,COL_KOT,ColomboMetro,2019-12-05,2019-12-05,1,10.75
COL_KOT_20191220,COL_KOT,ColomboMetro,2019-12-20,2019-12-22,3,15.14
COL_KOT_20200809,COL_KOT,ColomboMetro,2020-08-09,2020-08-09,1,9.35
COL_KOT_20200918,COL_KOT,ColomboMetro,2020-09-18,2020-09-18,1,9.42
COL_KOT_20201120,COL_KOT,ColomboMetro,2020-11-20,2020-11-20,1,9.57
COL_KOT_20210113,COL_KOT,ColomboMetro,2021-01-13,2021-01-13,1,9.5
COL_KOT_20210308,COL_KOT,ColomboMetro,2021-03-08,2021-03-08,1,9.3
COL_KOT_20210327,COL_KOT,ColomboMetro,2021-03-27,2021-03-28,2,9.94
COL_KOT_20210513,COL_KOT,ColomboMetro,2021-05-13,2021-05-13,1,9.47
COL_KOT_20210525,COL_KOT,ColomboMetro,2021-05-25,2021-05-25,1,11.27
COL_KOT_20211028,COL_KOT,ColomboMetro,2021-10-28,2021-10-30,3,15.14
COL_KOT_20211108,COL_KOT,ColomboMetro,2021-11-08,2021-11-09,2,11.79
COL_KOT_20220514,COL_KOT,ColomboMetro,2022-05-14,2022-05-14,1,14.03
COL_KOT_20220531,COL_KOT,ColomboMetro,2022-05-31,2022-05-31,1,9.28
COL_KOT_20231019,COL_KOT,ColomboMetro,2023-10-19,2023-10-19,1,11.45
COL_KOT_20240520,COL_KOT,ColomboMetro,2024-05-20,2024-05-28,9,14.7
COL_KOT_20240623,COL_KOT,ColomboMetro,2024-06-23,2024-06-23,1,9.64
COL_KOT_20240730,COL_KOT,ColomboMetro,2024-07-30,2024-07-30,1,10.72
COL_KOT_20240813,COL_KOT,ColomboMetro,2024-08-13,2024-08-13,1,9.57
COL_KOT_20241011,COL_KOT,ColomboMetro,2024-10-11,2024-10-12,2,12.84
COL_KOT_20241015,COL_KOT,ColomboMetro,2024-10-15,2024-10-15,1,9.79
DED_CHI_20051122,DED_CHI,DeduruOya,2005-11-22,2005-11-29,8,8.57
DED_CHI_20061025,DED_CHI,DeduruOya,2006-10-25,2006-11-23,30,9.67
DED_CHI_20071026,DED_CHI,DeduruOya,2007-10-26,2007-10-30,5,5.1
DED_CHI_20081019,DED_CHI,DeduruOya,2008-10-19,2008-10-28,10,6.0
DED_CHI_20101203,DED_CHI,DeduruOya,2010-12-03,2010-12-12,10,4.93
DED_CHI_20101226,DED_CHI,DeduruOya,2010-12-26,2010-12-26,1,4.06
DED_CHI_20110114,DED_CHI,DeduruOya,2011-01-14,2011-01-14,1,4.05
DED_CHI_20121031,DED_CHI,DeduruOya,2012-10-31,2012-11-02,3,4.3
DED_CHI_20141018,DED_CHI,DeduruOya,2014-10-18,2014-10-20,3,4.6
DED_CHI_20141023,DED_CHI,DeduruOya,2014-10-23,2014-10-23,1,4.01
DED_CHI_20141223,DED_CHI,DeduruOya,2014-12-23,2014-12-30,8,5.62
DED_CHI_20151018,DED_CHI,DeduruOya,2015-10-18,2015-11-05,19,6.91
DED_CHI_20151109,DED_CHI,DeduruOya,2015-11-09,2015-11-09,1,4.0
DED_CHI_20151115,DED_CHI,DeduruOya,2015-11-15,2015-11-18,4,5.1
DED_CHI_20160515,DED_CHI,DeduruOya,2016-05-15,2016-05-21,7,13.83
DED_CHI_20171202,DED_CHI,DeduruOya,2017-12-02,2017-12-03,2,4.13
DED_CHI_20191020,DED_CHI,DeduruOya,2019-10-20,2019-10-26,7,5.27
DED_CHI_20211108,DED_CHI,DeduruOya,2021-11-08,2021-11-22,15,11.36
DED_CHI_20221106,DED_CHI,DeduruOya,2022-11-06,2022-11-07,2,4.18
DED_CHI_20231020,DED_CHI,DeduruOya,2023-10-20,2023-10-26,7,6.4
DED_CHI_20231102,DED_CHI,DeduruOya,2023-11-02,2023-11-27,26,6.46
DED_CHI_20240521,DED_CHI,DeduruOya,2024-05-21,2024-05-21,1,4.28
DED_CHI_20241016,DED_CHI,DeduruOya,2024-10-16,2024-10-17,2,4.19
DED_CHI_20241124,DED_CHI,DeduruOya,2024-11-24,2024-12-04,11,7.83
DED_KUR_20030430,DED_KUR,DeduruOya,2003-04-30,2003-04-30,1,32.96
DED_KUR_20041018,DED_KUR,DeduruOya,2004-10-18,2004-10-18,1,37.11
DED_KUR_20061026,DED_KUR,DeduruOya,2006-10-26,2006-10-28,3,58.57
DED_KUR_20061031,DED_KUR,DeduruOya,2006-10-31,2006-10-31,1,31.96
DED_KUR_20061103,DED_KUR,DeduruOya,2006-11-03,2006-11-14,12,58.84
DED_KUR_20061118,DED_KUR,DeduruOya,2006-11-18,2006-11-21,4,38.54
DED_KUR_20101001,DED_KUR,DeduruOya,2010-10-01,2010-10-03,3,47.53
DED_KUR_20101203,DED_KUR,DeduruOya,2010-12-03,2010-12-06,4,38.45
DED_KUR_20101223,DED_KUR,DeduruOya,2010-12-23,2010-12-26,4,43.26
DED_KUR_20110108,DED_KUR,DeduruOya,2011-01-08,2011-01-19,12,73.13
DED_KUR_20110203,DED_KUR,DeduruOya,2011-02-03,2011-02-08,6,72.28
DED_KUR_20121127,DED_KUR,DeduruOya,2012-11-27,2012-11-28,2,51.97
DED_KUR_20130107,DED_KUR,DeduruOya,2013-01-07,2013-01-08,2,46.42
DED_KUR_20131123,DED_KUR,DeduruOya,2013-11-23,2013-11-23,1,45.13
DED_KUR_20141017,DED_KUR,DeduruOya,2014-10-17,2014-10-17,1,40.02
DED_KUR_20141025,DED_KUR,DeduruOya,2014-10-25,2014-10-26,2,33.43
DED_KUR_20141122,DED_KUR,DeduruOya,2014-11-22,2014-11-22,1,31.14
DED_KUR_20141220,DED_KUR,DeduruOya,2014-12-20,2015-01-01,13,64.46
DED_KUR_20151018,DED_KUR,DeduruOya,2015-10-18,2015-11-21,35,90.62
DED_KUR_20160515,DED_KUR,DeduruOya,2016-05-15,2016-05-19,5,253.68
DED_KUR_20190209,DED_KUR,DeduruOya,2019-02-09,2019-02-09,1,50.52
DED_KUR_20191017,DED_KUR,DeduruOya,2019-10-17,2019-10-17,1,33.67
DED_KUR_20201118,DED_KUR,DeduruOya,2020-11-18,2020-11-20,3,52.83
DED_KUR_20201202,DED_KUR,DeduruOya,2020-12-02,2020-12-02,1,35.9
DED_KUR_20210503,DED_KUR,DeduruOya,2021-05-03,2021-05-03,1,34.97
DED_KUR_20211109,DED_KUR,DeduruOya,2021-11-09,2021-11-11,3,40.3
DED_KUR_20211125,DED_KUR,DeduruOya,2021-11-25,2021-11-26,2,41.27
DED_KUR_20231021,DED_KUR,DeduruOya,2023-10-21,2023-10-21,1,35.14
DED_KUR_20231112,DED_KUR,DeduruOya,2023-11-12,2023-11-14,3,33.75
DED_KUR_20231121,DED_KUR,DeduruOya,2023-11-21,2023-11-26,6,39.36
DED_KUR_20231210,DED_KUR,DeduruOya,2023-12-10,2023-12-11,2,34.81
DED_KUR_20241126,DED_KUR,DeduruOya,2024-11-26,2024-12-01,6,51.6
DED_WAR_20030430,DED_WAR,DeduruOya,2003-04-30,2003-04-30,1,34.24
DED_WAR_20041018,DED_WAR,DeduruOya,2004-10-18,2004-10-20,3,47.19
DED_WAR_20061026,DED_WAR,DeduruOya,2006-10-26,2006-10-28,3,56.02
DED_WAR_20061031,DED_WAR,DeduruOya,2006-10-31,2006-11-13,14,58.57
DED_WAR_20061118,DED_WAR,DeduruOya,2006-11-18,2006-11-21,4,40.4
DED_WAR_20070411,DED_WAR,DeduruOya,2007-04-11,2007-04-11,1,35.06
DED_WAR_20081019,DED_WAR,DeduruOya,2008-10-19,2008-10-21,3,46.64
DED_WAR_20101001,DED_WAR,DeduruOya,2010-10-01,2010-10-03,3,54.59
DED_WAR_20101204,DED_WAR,DeduruOya,2010-12-04,2010-12-05,2,34.65
DED_WAR_20101223,DED_WAR,DeduruOya,2010-12-23,2010-12-27,5,56.02
DED_WAR_20110108,DED_WAR,DeduruOya,2011-01-08,2011-01-17,10,59.12
DED_WAR_20110203,DED_WAR,DeduruOya,2011-02-03,2011-02-07,5,69.31
DED_WAR_20121127,DED_WAR,DeduruOya,2012-11-27,2012-11-27,1,36.93
DED_WAR_20130107,DED_WAR,DeduruOya,2013-01-07,2013-01-07,1,32.42
DED_WAR_20131123,DED_WAR,DeduruOya,2013-11-23,2013-11-24,2,46.21
DED_WAR_20141017,DED_WAR,DeduruOya,2014-10-17,2014-10-18,2,42.95
DED_WAR_20141025,DED_WAR,DeduruOya,2014-10-25,2014-10-26,2,35.81
DED_WAR_20141220,DED_WAR,DeduruOya,2014-12-20,2014-12-30,11,58.84
DED_WAR_20151014,DED_WAR,DeduruOya,2015-10-14,2015-10-14,1,31.58
DED_WAR_20151018,DED_WAR,DeduruOya,2015-10-18,2015-11-10,24,80.28
DED_WAR_20151113,DED_WAR,DeduruOya,2015-11-13,2015-11-20,8,52.7
DED_WAR_20160515,DED_WAR,DeduruOya,2016-05-15,2016-05-20,6,289.4
DED_WAR_20191003,DED_WAR,DeduruOya,2019-10-03,2019-10-03,1,32.5
DED_WAR_20191017,DED_WAR,DeduruOya,2019-10-17,2019-10-17,1,36.15
DED_WAR_20191020,DED_WAR,DeduruOya,2019-10-20,2019-10-21,2,38.9
DED_WAR_20201118,DED_WAR,DeduruOya,2020-11-18,2020-11-18,1,34.97
DED_WAR_20201202,DED_WAR,DeduruOya,2020-12-02,2020-12-02,1,33.28
DED_WAR_20211108,DED_WAR,DeduruOya,2021-11-08,2021-11-14,7,49.7
DED_WAR_20211125,DED_WAR,DeduruOya,2021-11-25,2021-11-26,2,36.33
DED_WAR_20231021,DED_WAR,DeduruOya,2023-10-21,2023-10-23,3,44.5
DED_WAR_20231112,DED_WAR,DeduruOya,2023-11-12,2023-11-13,2,34.56
DED_WAR_20231121,DED_WAR,DeduruOya,2023-11-21,2023-11-26,6,44.5
DED_WAR_20241126,DED_WAR,DeduruOya,2024-11-26,2024-12-01,6,58.16
GAL_AMP_20041216,GAL_AMP,GalOya,2004-12-16,2004-12-18,3,235.05
GAL_AMP_20051120,GAL_AMP,GalOya,2005-11-20,2005-11-20,1,226.51
GAL_AMP_20051125,GAL_AMP,GalOya,2005-11-25,2005-11-28,4,249.03
GAL_AMP_20101201,GAL_AMP,GalOya,2010-12-01,2010-12-11,11,296.17
GAL_AMP_20110108,GAL_AMP,GalOya,2011-01-08,2011-01-21,14,417.79
GAL_AMP_20110201,GAL_AMP,GalOya,2011-02-01,2011-02-15,15,511.86
GAL_AMP_20111220,GAL_AMP,GalOya,2011-12-20,2011-12-29,10,367.98
GAL_AMP_20130107,GAL_AMP,GalOya,2013-01-07,2013-01-13,7,388.05
GAL_AMP_20130123,GAL_AMP,GalOya,2013-01-23,2013-01-27,5,361.24
GAL_AMP_20141125,GAL_AMP,GalOya,2014-11-25,2014-11-30,6,310.89
GAL_AMP_20141220,GAL_AMP,GalOya,2014-12-20,2015-01-08,20,697.23
GAL_AMP_20151027,GAL_AMP,GalOya,2015-10-27,2015-11-04,9,407.32
GAL_AMP_20151114,GAL_AMP,GalOya,2015-11-14,2015-11-18,5,250.77
GAL_AMP_20181106,GAL_AMP,GalOya,2018-11-06,2018-11-14,9,802.53
GAL_AMP_20231218,GAL_AMP,GalOya,2023-12-18,2023-12-19,2,225.46
GAL_AMP_20241127,GAL_AMP,GalOya,2024-11-27,2024-12-02,6,288.73
GAL_ING_20051120,GAL_ING,GalOya,2005-11-20,2005-11-26,7,30.84
GAL_ING_20101130,GAL_ING,GalOya,2010-11-30,2010-12-10,11,24.41
GAL_ING_20110108,GAL_ING,GalOya,2011-01-08,2011-01-20,13,32.27
GAL_ING_20110201,GAL_ING,GalOya,2011-02-01,2011-02-13,13,34.81
GAL_ING_20111218,GAL_ING,GalOya,2011-12-18,2011-12-27,10,27.05
GAL_ING_20130107,GAL_ING,GalOya,2013-01-07,2013-01-11,5,29.55
GAL_ING_20130123,GAL_ING,GalOya,2013-01-23,2013-01-27,5,43.06
GAL_ING_20131205,GAL_ING,GalOya,2013-12-05,2013-12-05,1,18.41
GAL_ING_20141123,GAL_ING,GalOya,2014-11-23,2014-11-28,6,21.91
GAL_ING_20141220,GAL_ING,GalOya,2014-12-20,2015-01-06,18,46.86
GAL_ING_20151026,GAL_ING,GalOya,2015-10-26,2015-11-08,14,39.93
GAL_ING_20151114,GAL_ING,GalOya,2015-11-14,2015-11-18,5,19.56
GAL_ING_20151210,GAL_ING,GalOya,2015-12-10,2015-12-11,2,15.9
GAL_ING_20181105,GAL_ING,GalOya,2018-11-05,2018-11-14,10,62.68
GAL_ING_20191029,GAL_ING,GalOya,2019-10-29,2019-10-29,1,16.38
GAL_ING_20201222,GAL_ING,GalOya,2020-12-22,2020-12-24,3,22.99
GAL_ING_20221226,GAL_ING,GalOya,2022-12-26,2022-12-27,2,20.09
GAL_ING_20231108,GAL_ING,GalOya,2023-11-08,2023-11-08,1,16.7
GAL_ING_20231216,GAL_ING,GalOya,2023-12-16,2023-12-20,5,16.18
GAL_ING_20240110,GAL_ING,GalOya,2024-01-10,2024-01-11,2,16.66
GAL_ING_20241126,GAL_ING,GalOya,2024-11-26,2024-12-01,6,26.61
GIN_BAD_20051122,GIN_BAD,Gin,2005-11-22,2005-11-23,2,131.13
GIN_BAD_20061024,GIN_BAD,Gin,2006-10-24,2006-10-28,5,129.92
GIN_BAD_20061111,GIN_BAD,Gin,2006-11-11,2006-11-27,17,162.68
GIN_BAD_20091121,GIN_BAD,Gin,2009-11-21,2009-11-21,1,117.58
GIN_BAD_20101111,GIN_BAD,Gin,2010-11-11,2010-11-11,1,121.74
GIN_BAD_20101201,GIN_BAD,Gin,2010-12-01,2010-12-11,11,141.23
GIN_BAD_20101223,GIN_BAD,Gin,2010-12-23,2010-12-26,4,142.55
GIN_BAD_20121031,GIN_BAD,Gin,2012-10-31,2012-11-03,4,136.72
GIN_BAD_20121107,GIN_BAD,Gin,2012-11-07,2012-11-08,2,120.62
GIN_BAD_20121115,GIN_BAD,Gin,2012-11-15,2012-11-17,3,134.21
GIN_BAD_20121123,GIN_BAD,Gin,2012-11-23,2012-11-30,8,197.15
GIN_BAD_20141016,GIN_BAD,Gin,2014-10-16,2014-10-20,5,139.93
GIN_BAD_20141111,GIN_BAD,Gin,2014-11-11,2014-11-14,4,163.82
GIN_BAD_20141225,GIN_BAD,Gin,2014-12-25,2014-12-30,6,179.72
GIN_BAD_20151024,GIN_BAD,Gin,2015-10-24,2015-11-19,27,299.61
GIN_BAD_20160514,GIN_BAD,Gin,2016-05-14,2016-05-21,8,233.42
GIN_BAD_20171130,GIN_BAD,Gin,2017-11-30,2017-12-03,4,139.6
GIN_BAD_20191020,GIN_BAD,Gin,2019-10-20,2019-10-26,7,192.2
GIN_BAD_20191029,GIN_BAD,Gin,2019-10-29,2019-10-31,3,126.06
GIN_BAD_20231021,GIN_BAD,Gin,2023-10-21,2023-10-25,5,133.28
GIN_BAD_20231102,GIN_BAD,Gin,2023-11-02,2023-11-16,15,136.09
GIN_BAD_20231123,GIN_BAD,Gin,2023-11-23,2023-11-26,4,147.25
GIN_BAD_20231201,GIN_BAD,Gin,2023-12-01,2023-12-06,6,145.22
GIN_BAD_20231211,GIN_BAD,Gin,2023-12-11,2023-12-25,15,162.31
GIN_BAD_20240526,GIN_BAD,Gin,2024-05-26,2024-05-28,3,134.83
GIN_GAL_20031107,GIN_GAL,Gin,2003-11-07,2003-11-08,2,3.7
GIN_GAL_20051122,GIN_GAL,Gin,2005-11-22,2005-11-25,4,4.37
GIN_GAL_20060620,GIN_GAL,Gin,2006-06-20,2006-06-23,4,4.09
GIN_GAL_20061024,GIN_GAL,Gin,2006-10-24,2006-10-28,5,5.43
GIN_GAL_20061119,GIN_GAL,Gin,2006-11-19,2006-11-23,5,4.25
GIN_GAL_20091121,GIN_GAL,Gin,2009-11-21,2009-11-21,1,3.57
GIN_GAL_20101201,GIN_GAL,Gin,2010-12-01,2010-12-13,13,4.66
GIN_GAL_20101223,GIN_GAL,Gin,2010-12-23,2010-12-24,2,3.66
GIN_GAL_20110912,GIN_GAL,Gin,2011-09-12,2011-09-15,4,4.35
GIN_GAL_20121029,GIN_GAL,Gin,2012-10-29,2012-11-09,12,5.87
GIN_GAL_20121115,GIN_GAL,Gin,2012-11-15,2012-11-17,3,3.73
GIN_GAL_20121123,GIN_GAL,Gin,2012-11-23,2012-11-25,3,3.93
GIN_GAL_20141017,GIN_GAL,Gin,2014-10-17,2014-10-19,3,3.89
GIN_GAL_20141111,GIN_GAL,Gin,2014-11-11,2014-11-13,3,4.09
GIN_GAL_20141224,GIN_GAL,Gin,2014-12-24,2014-12-30,7,7.45
GIN_GAL_20150929,GIN_GAL,Gin,2015-09-29,2015-10-01,3,3.74
GIN_GAL_20151024,GIN_GAL,Gin,2015-10-24,2015-10-30,7,6.85
GIN_GAL_20151102,GIN_GAL,Gin,2015-11-02,2015-11-19,18,5.17
GIN_GAL_20160514,GIN_GAL,Gin,2016-05-14,2016-05-21,8,7.57
GIN_GAL_20171129,GIN_GAL,Gin,2017-11-29,2017-12-04,6,6.05
GIN_GAL_20180607,GIN_GAL,Gin,2018-06-07,2018-06-09,3,3.91
GIN_GAL_20191020,GIN_GAL,Gin,2019-10-20,2019-11-03,15,9.84
GIN_GAL_20210512,GIN_GAL,Gin,2021-05-12,2021-05-12,1,3.69
GIN_GAL_20221226,GIN_GAL,Gin,2022-12-26,2022-12-28,3,6.91
GIN_GAL_20230121,GIN_GAL,Gin,2023-01-21,2023-01-21,1,3.79
GIN_GAL_20230928,GIN_GAL,Gin,2023-09-28,2023-09-30,3,4.33
GIN_GAL_20231010,GIN_GAL,Gin,2023-10-10,2023-10-11,2,3.94
GIN_GAL_20231020,GIN_GAL,Gin,2023-10-20,2023-10-26,7,5.44
GIN_GAL_20231114,GIN_GAL,Gin,2023-11-14,2023-11-15,2,3.46
GIN_GAL_20231121,GIN_GAL,Gin,2023-11-21,2023-11-25,5,3.99
GIN_GAL_20231201,GIN_GAL,Gin,2023-12-01,2023-12-01,1,3.46
GIN_GAL_20231205,GIN_GAL,Gin,2023-12-05,2023-12-06,2,3.62
GIN_GAL_20231211,GIN_GAL,Gin,2023-12-11,2023-12-24,14,5.58
GIN_GAL_20240520,GIN_GAL,Gin,2024-05-20,2024-05-21,2,4.01
GIN_GAL_20240525,GIN_GAL,Gin,2024-05-25,2024-05-31,7,4.37
GIN_GAL_20240603,GIN_GAL,Gin,2024-06-03,2024-06-06,4,4.24
GIN_NEL_20061023,GIN_NEL,Gin,2006-10-23,2006-10-29,7,7.93
GIN_NEL_20061110,GIN_NEL,Gin,2006-11-10,2006-11-29,20,10.89
GIN_NEL_20080410,GIN_NEL,Gin,2008-04-10,2008-04-10,1,6.62
GIN_NEL_20080415,GIN_NEL,Gin,2008-04-15,2008-04-17,3,7.04
GIN_NEL_20081201,GIN_NEL,Gin,2008-12-01,2008-12-02,2,6.33
GIN_NEL_20091031,GIN_NEL,Gin,2009-10-31,2009-11-03,4,7.69
GIN_NEL_20091120,GIN_NEL,Gin,2009-11-20,2009-11-21,2,6.48
GIN_NEL_20101110,GIN_NEL,Gin,2010-11-10,2010-11-11,2,7.24
GIN_NEL_20101202,GIN_NEL,Gin,2010-12-02,2010-12-05,4,7.05
GIN_NEL_20101223,GIN_NEL,Gin,2010-12-23,2010-12-26,4,7.43
GIN_NEL_20121029,GIN_NEL,Gin,2012-10-29,2012-11-02,5,6.83
GIN_NEL_20121115,GIN_NEL,Gin,2012-11-15,2012-11-17,3,6.96
GIN_NEL_20121123,GIN_NEL,Gin,2012-11-23,2012-11-27,5,8.89
GIN_NEL_20141015,GIN_NEL,Gin,2014-10-15,2014-10-20,6,9.14
GIN_NEL_20141111,GIN_NEL,Gin,2014-11-11,2014-11-11,1,6.18
GIN_NEL_20141224,GIN_NEL,Gin,2014-12-24,2014-12-29,6,8.93
GIN_NEL_20151016,GIN_NEL,Gin,2015-10-16,2015-10-16,1,6.16
GIN_NEL_20151024,GIN_NEL,Gin,2015-10-24,2015-11-17,25,13.86
GIN_NEL_20160514,GIN_NEL,Gin,2016-05-14,2016-05-22,9,12.03
GIN_NEL_20171201,GIN_NEL,Gin,2017-12-01,2017-12-01,1,6.36
GIN_NEL_20191020,GIN_NEL,Gin,2019-10-20,2019-10-24,5,8.25
GIN_NEL_20231021,GIN_NEL,Gin,2023-10-21,2023-10-21,1,6.28
GIN_NEL_20231030,GIN_NEL,Gin,2023-10-30,2023-11-01,3,6.4
GIN_NEL_20231105,GIN_NEL,Gin,2023-11-05,2023-11-16,12,7.04
GIN_NEL_20231124,GIN_NEL,Gin,2023-11-24,2023-11-25,2,6.64
GIN_NEL_20231130,GIN_NEL,Gin,2023-11-30,2023-12-05,6,7.05
GIN_NEL_20231211,GIN_NEL,Gin,2023-12-11,2023-12-24,14,8.33
GIN_NEL_20240523,GIN_NEL,Gin,2024-05-23,2024-05-30,8,7.99
GIN_THA_20051122,GIN_THA,Gin,2005-11-22,2005-11-23,2,6.21
GIN_THA_20061024,GIN_THA,Gin,2006-10-24,2006-10-29,6,6.4
GIN_THA_20061111,GIN_THA,Gin,2006-11-11,2006-11-27,17,7.87
GIN_THA_20081202,GIN_THA,Gin,2008-12-02,2008-12-02,1,5.79
GIN_THA_20091121,GIN_THA,Gin,2009-11-21,2009-11-21,1,5.78
GIN_THA_20101111,GIN_THA,Gin,2010-11-11,2010-11-11,1,5.79
GIN_THA_20101123,GIN_THA,Gin,2010-11-23,2010-11-23,1,5.67
GIN_THA_20101201,GIN_THA,Gin,2010-12-01,2010-12-05,5,6.83
GIN_THA_20101209,GIN_THA,Gin,2010-12-09,2010-12-10,2,5.76
GIN_THA_20101223,GIN_THA,Gin,2010-12-23,2010-12-26,4,6.94
GIN_THA_20121031,GIN_THA,Gin,2012-10-31,2012-11-03,4,6.21
GIN_THA_20121107,GIN_THA,Gin,2012-11-07,2012-11-08,2,5.84
GIN_THA_20121115,GIN_THA,Gin,2012-11-15,2012-11-17,3,6.21
GIN_THA_20121123,GIN_THA,Gin,2012-11-23,2012-11-30,8,10.56
GIN_THA_20141016,GIN_THA,Gin,2014-10-16,2014-10-20,5,6.71
GIN_THA_20141111,GIN_THA,Gin,2014-11-11,2014-11-15,5,8.71
GIN_THA_20141225,GIN_THA,Gin,2014-12-25,2014-12-29,5,7.97
GIN_THA_20151024,GIN_THA,Gin,2015-10-24,2015-11-19,27,15.33
GIN_THA_20160514,GIN_THA,Gin,2016-05-14,2016-05-21,8,10.61
GIN_THA_20171130,GIN_THA,Gin,2017-11-30,2017-12-02,3,6.35
GIN_THA_20191020,GIN_THA,Gin,2019-10-20,2019-10-26,7,9.12
GIN_THA_20191029,GIN_THA,Gin,2019-10-29,2019-10-31,3,5.89
GIN_THA_20231021,GIN_THA,Gin,2023-10-21,2023-10-23,3,6.4
GIN_THA_20231027,GIN_THA,Gin,2023-10-27,2023-10-27,1,5.71
GIN_THA_20231107,GIN_THA,Gin,2023-11-07,2023-11-10,4,6.05
GIN_THA_20231113,GIN_THA,Gin,2023-11-13,2023-11-16,4,6.38
GIN_THA_20231123,GIN_THA,Gin,2023-11-23,2023-11-25,3,6.6
GIN_THA_20231201,GIN_THA,Gin,2023-12-01,2023-12-06,6,7.07
GIN_THA_20231211,GIN_THA,Gin,2023-12-11,2023-12-25,15,7.93
GIN_THA_20240523,GIN_THA,Gin,2024-05-23,2024-05-23,1,5.87
GIN_THA_20240526,GIN_THA,Gin,2024-05-26,2024-05-28,3,6.96
KAL_AGA_20040927,KAL_AGA,Kalu,2004-09-27,2004-09-27,1,5.76
KAL_AGA_20061020,KAL_AGA,Kalu,2006-10-20,2006-12-03,45,12.12
KAL_AGA_20080415,KAL_AGA,Kalu,2008-04-15,2008-04-19,5,8.31
KAL_AGA_20091031,KAL_AGA,Kalu,2009-10-31,2009-11-07,8,10.43
KAL_AGA_20091120,KAL_AGA,Kalu,2009-11-20,2009-11-22,3,6.18
KAL_AGA_20101111,KAL_AGA,Kalu,2010-11-11,2010-11-12,2,6.29
KAL_AGA_20121031,KAL_AGA,Kalu,2012-10-31,2012-11-03,4,6.41
KAL_AGA_20121124,KAL_AGA,Kalu,2012-11-24,2012-11-24,1,5.61
KAL_AGA_20131031,KAL_AGA,Kalu,2013-10-31,2013-10-31,1,5.52
KAL_AGA_20141015,KAL_AGA,Kalu,2014-10-15,2014-10-23,9,9.76
KAL_AGA_20141224,KAL_AGA,Kalu,2014-12-24,2014-12-29,6,7.97
KAL_AGA_20151024,KAL_AGA,Kalu,2015-10-24,2015-11-04,12,9.54
KAL_AGA_20151107,KAL_AGA,Kalu,2015-11-07,2015-11-09,3,5.75
KAL_AGA_20151113,KAL_AGA,Kalu,2015-11-13,2015-11-15,3,5.61
KAL_AGA_20160515,KAL_AGA,Kalu,2016-05-15,2016-05-22,8,12.46
KAL_AGA_20171201,KAL_AGA,Kalu,2017-12-01,2017-12-02,2,5.75
KAL_AGA_20191020,KAL_AGA,Kalu,2019-10-20,2019-10-23,4,6.69
KAL_AGA_20231105,KAL_AGA,Kalu,2023-11-05,2023-11-05,1,5.65
KAL_AGA_20231109,KAL_AGA,Kalu,2023-11-09,2023-11-17,9,6.96
KAL_AGA_20231124,KAL_AGA,Kalu,2023-11-24,2023-11-25,2,5.95
KAL_AGA_20231130,KAL_AGA,Kalu,2023-11-30,2023-12-05,6,6.11
KAL_AGA_20231211,KAL_AGA,Kalu,2023-12-11,2023-12-24,14,7.15
KAL_AGA_20240523,KAL_AGA,Kalu,2024-05-23,2024-05-31,9,6.45
KAL_AGA_20240604,KAL_AGA,Kalu,2024-06-04,2024-06-04,1,5.61
KAL_BAL_20031127,KAL_BAL,Kalu,2003-11-27,2003-11-27,1,39.27
KAL_BAL_20061110,KAL_BAL,Kalu,2006-11-10,2006-11-25,16,66.45
KAL_BAL_20080409,KAL_BAL,Kalu,2008-04-09,2008-04-10,2,49.23
KAL_BAL_20101111,KAL_BAL,Kalu,2010-11-11,2010-11-11,1,40.11
KAL_BAL_20101203,KAL_BAL,Kalu,2010-12-03,2010-12-05,3,49.58
KAL_BAL_20101223,KAL_BAL,Kalu,2010-12-23,2010-12-28,6,52.33
KAL_BAL_20110101,KAL_BAL,Kalu,2011-01-01,2011-01-17,17,72.79
KAL_BAL_20110201,KAL_BAL,Kalu,2011-02-01,2011-02-02,2,44.5
KAL_BAL_20110206,KAL_BAL,Kalu,2011-02-06,2011-02-12,7,50.17
KAL_BAL_20121027,KAL_BAL,Kalu,2012-10-27,2012-11-02,7,58.84
KAL_BAL_20121111,KAL_BAL,Kalu,2012-11-11,2012-11-19,9,63.71
KAL_BAL_20130107,KAL_BAL,Kalu,2013-01-07,2013-01-08,2,42.85
KAL_BAL_20141015,KAL_BAL,Kalu,2014-10-15,2014-10-18,4,89.78
KAL_BAL_20141222,KAL_BAL,Kalu,2014-12-22,2014-12-31,10,66.3
KAL_BAL_20151023,KAL_BAL,Kalu,2015-10-23,2015-11-10,19,68.82
KAL_BAL_20151113,KAL_BAL,Kalu,2015-11-13,2015-11-14,2,41.46
KAL_BAL_20160514,KAL_BAL,Kalu,2016-05-14,2016-05-18,5,66.3
KAL_BAL_20181105,KAL_BAL,Kalu,2018-11-05,2018-11-07,3,47.31
KAL_BAL_20231026,KAL_BAL,Kalu,2023-10-26,2023-10-27,2,43.16
KAL_BAL_20231105,KAL_BAL,Kalu,2023-11-05,2023-11-15,11,45.13
KAL_BAL_20231123,KAL_BAL,Kalu,2023-11-23,2023-11-24,2,42.75
KAL_BAL_20231216,KAL_BAL,Kalu,2023-12-16,2023-12-21,6,42.45
KAL_BAL_20240524,KAL_BAL,Kalu,2024-05-24,2024-05-27,4,50.17
KAL_BUL_20040926,KAL_BUL,Kalu,2004-09-26,2004-09-27,2,7.47
KAL_BUL_20041101,KAL_BUL,Kalu,2004-11-01,2004-11-03,3,7.57
KAL_BUL_20061020,KAL_BUL,Kalu,2006-10-20,2006-11-03,15,12.58
KAL_BUL_20061106,KAL_BUL,Kalu,2006-11-06,2006-12-02,27,14.45
KAL_BUL_20080409,KAL_BUL,Kalu,2008-04-09,2008-04-10,2,7.85
KAL_BUL_20080415,KAL_BUL,Kalu,2008-04-15,2008-04-18,4,11.11
KAL_BUL_20091031,KAL_BUL,Kalu,2009-10-31,2009-11-03,4,12.55
KAL_BUL_20091120,KAL_BUL,Kalu,2009-11-20,2009-11-20,1,6.71
KAL_BUL_20101110,KAL_BUL,Kalu,2010-11-10,2010-11-12,3,8.79
KAL_BUL_20121027,KAL_BUL,Kalu,2012-10-27,2012-11-02,7,7.34
KAL_BUL_20121115,KAL_BUL,Kalu,2012-11-15,2012-11-16,2,6.94
KAL_BUL_20131030,KAL_BUL,Kalu,2013-10-30,2013-10-31,2,8.46
KAL_BUL_20141015,KAL_BUL,Kalu,2014-10-15,2014-10-20,6,13.42
KAL_BUL_20141223,KAL_BUL,Kalu,2014-12-23,2014-12-29,7,9.99
KAL_BUL_20151016,KAL_BUL,Kalu,2015-10-16,2015-10-18,3,7.38
KAL_BUL_20151023,KAL_BUL,Kalu,2015-10-23,2015-11-04,13,10.56
KAL_BUL_20151108,KAL_BUL,Kalu,2015-11-08,2015-11-08,1,6.76
KAL_BUL_20160514,KAL_BUL,Kalu,2016-05-14,2016-05-23,10,16.14
KAL_BUL_20191020,KAL_BUL,Kalu,2019-10-20,2019-10-22,3,7.83
KAL_BUL_20231021,KAL_BUL,Kalu,2023-10-21,2023-10-21,1,6.89
KAL_BUL_20231104,KAL_BUL,Kalu,2023-11-04,2023-11-18,15,8.59
KAL_BUL_20231125,KAL_BUL,Kalu,2023-11-25,2023-11-25,1,7.34
KAL_BUL_20231130,KAL_BUL,Kalu,2023-11-30,2023-12-01,2,6.98
KAL_BUL_20231215,KAL_BUL,Kalu,2023-12-15,2023-12-22,8,7.71
KAL_BUL_20240527,KAL_BUL,Kalu,2024-05-27,2024-05-30,4,8.53
KAL_BUL_20240604,KAL_BUL,Kalu,2024-06-04,2024-06-04,1,7.02
KAL_KLT_20061021,KAL_KLT,Kalu,2006-10-21,2006-10-29,9,888.2
KAL_KLT_20061106,KAL_KLT,Kalu,2006-11-06,2006-11-30,25,1212.39
KAL_KLT_20080409,KAL_KLT,Kalu,2008-04-09,2008-04-11,3,738.61
KAL_KLT_20080415,KAL_KLT,Kalu,2008-04-15,2008-04-18,4,793.33
KAL_KLT_20091031,KAL_KLT,Kalu,2009-10-31,2009-11-03,4,780.63
KAL_KLT_20101111,KAL_KLT,Kalu,2010-11-11,2010-11-12,2,740.31
KAL_KLT_20101202,KAL_KLT,Kalu,2010-12-02,2010-12-05,4,706.95
KAL_KLT_20101224,KAL_KLT,Kalu,2010-12-24,2010-12-26,3,694.02
KAL_KLT_20121028,KAL_KLT,Kalu,2012-10-28,2012-11-02,6,735.21
KAL_KLT_20121111,KAL_KLT,Kalu,2012-11-11,2012-11-11,1,641.69
KAL_KLT_20121115,KAL_KLT,Kalu,2012-11-15,2012-11-18,4,766.36
KAL_KLT_20141015,KAL_KLT,Kalu,2014-10-15,2014-10-19,5,1128.8
KAL_KLT_20141223,KAL_KLT,Kalu,2014-12-23,2014-12-29,7,908.91
KAL_KLT_20151018,KAL_KLT,Kalu,2015-10-18,2015-10-18,1,635.8
KAL_KLT_20151023,KAL_KLT,Kalu,2015-10-23,2015-11-15,24,1123.61
KAL_KLT_20160514,KAL_KLT,Kalu,2016-05-14,2016-05-22,9,1168.5
KAL_KLT_20191020,KAL_KLT,Kalu,2019-10-20,2019-10-22,3,715.14
KAL_KLT_20231021,KAL_KLT,Kalu,2023-10-21,2023-10-21,1,641.69
KAL_KLT_20231102,KAL_KLT,Kalu,2023-11-02,2023-11-17,16,793.33
KAL_KLT_20231124,KAL_KLT,Kalu,2023-11-24,2023-11-25,2,675.08
KAL_KLT_20231130,KAL_KLT,Kalu,2023-11-30,2023-12-01,2,659.69
KAL_KLT_20231212,KAL_KLT,Kalu,2023-12-12,2023-12-12,1,638.73
KAL_KLT_20231215,KAL_KLT,Kalu,2023-12-15,2023-12-23,9,768.13
KAL_KLT_20240526,KAL_KLT,Kalu,2024-05-26,2024-05-30,5,780.63
KAL_RAT_20031127,KAL_RAT,Kalu,2003-11-27,2003-11-28,2,161.93
KAL_RAT_20031207,KAL_RAT,Kalu,2003-12-07,2003-12-07,1,157.85
KAL_RAT_20061023,KAL_RAT,Kalu,2006-10-23,2006-10-24,2,170.0
KAL_RAT_20061110,KAL_RAT,Kalu,2006-11-10,2006-11-28,19,288.73
KAL_RAT_20080409,KAL_RAT,Kalu,2008-04-09,2008-04-11,3,211.32
KAL_RAT_20080415,KAL_RAT,Kalu,2008-04-15,2008-04-17,3,179.72
KAL_RAT_20091031,KAL_RAT,Kalu,2009-10-31,2009-10-31,1,164.58
KAL_RAT_20101110,KAL_RAT,Kalu,2010-11-10,2010-11-11,2,176.42
KAL_RAT_20101202,KAL_RAT,Kalu,2010-12-02,2010-12-05,4,188.67
KAL_RAT_20101223,KAL_RAT,Kalu,2010-12-23,2010-12-26,4,196.24
KAL_RAT_20110102,KAL_RAT,Kalu,2011-01-02,2011-01-13,12,206.01
KAL_RAT_20110207,KAL_RAT,Kalu,2011-02-07,2011-02-08,2,163.06
KAL_RAT_20121027,KAL_RAT,Kalu,2012-10-27,2012-11-01,6,206.49
KAL_RAT_20121111,KAL_RAT,Kalu,2012-11-11,2012-11-19,9,222.36
KAL_RAT_20141015,KAL_RAT,Kalu,2014-10-15,2014-10-18,4,319.63
KAL_RAT_20141222,KAL_RAT,Kalu,2014-12-22,2014-12-30,9,233.42
KAL_RAT_20151016,KAL_RAT,Kalu,2015-10-16,2015-10-16,1,168.82
KAL_RAT_20151023,KAL_RAT,Kalu,2015-10-23,2015-11-14,23,272.53
KAL_RAT_20160514,KAL_RAT,Kalu,2016-05-14,2016-05-20,7,249.61
KAL_RAT_20231105,KAL_RAT,Kalu,2023-11-05,2023-11-16,12,183.5
KAL_RAT_20231219,KAL_RAT,Kalu,2023-12-19,2023-12-22,4,179.3
KAL_RAT_20240526,KAL_RAT,Kalu,2024-05-26,2024-05-28,3,194.43
KEL_AVI_20031104,KEL_AVI,Kelani,2003-11-04,2003-11-05,2,105.41
KEL_AVI_20041028,KEL_AVI,Kelani,2004-10-28,2004-10-28,1,104.44
KEL_AVI_20041031,KEL_AVI,Kelani,2004-10-31,2004-11-04,5,130.83
KEL_AVI_20041109,KEL_AVI,Kelani,2004-11-09,2004-11-18,10,124.03
KEL_AVI_20061020,KEL_AVI,Kelani,2006-10-20,2006-11-29,41,157.12
KEL_AVI_20080229,KEL_AVI,Kelani,2008-02-29,2008-02-29,1,113.82
KEL_AVI_20080315,KEL_AVI,Kelani,2008-03-15,2008-03-16,2,108.14
KEL_AVI_20081020,KEL_AVI,Kelani,2008-10-20,2008-10-20,1,105.17
KEL_AVI_20091228,KEL_AVI,Kelani,2009-12-28,2009-12-29,2,110.69
KEL_AVI_20121027,KEL_AVI,Kelani,2012-10-27,2012-11-01,6,117.03
KEL_AVI_20121108,KEL_AVI,Kelani,2012-11-08,2012-11-11,4,110.69
KEL_AVI_20121127,KEL_AVI,Kelani,2012-11-27,2012-11-27,1,102.28
KEL_AVI_20141223,KEL_AVI,Kelani,2014-12-23,2014-12-27,5,129.02
KEL_AVI_20151018,KEL_AVI,Kelani,2015-10-18,2015-10-30,13,132.97
KEL_AVI_20151102,KEL_AVI,Kelani,2015-11-02,2015-11-07,6,111.46
KEL_AVI_20160514,KEL_AVI,Kelani,2016-05-14,2016-05-23,10,170.4
KEL_AVI_20191015,KEL_AVI,Kelani,2019-10-15,2019-10-16,2,108.9
KEL_AVI_20191020,KEL_AVI,Kelani,2019-10-20,2019-10-21,2,114.88
KEL_AVI_20210503,KEL_AVI,Kelani,2021-05-03,2021-05-03,1,107.64
KEL_AVI_20231021,KEL_AVI,Kelani,2023-10-21,2023-10-23,3,126.35
KEL_AVI_20231031,KEL_AVI,Kelani,2023-10-31,2023-11-18,19,140.25
KEL_AVI_20231121,KEL_AVI,Kelani,2023-11-21,2023-11-25,5,120.62
KEL_AVI_20240526,KEL_AVI,Kelani,2024-05-26,2024-05-31,6,123.74
KEL_AVI_20240604,KEL_AVI,Kelani,2024-06-04,2024-06-04,1,104.93
KEL_COL_20030623,KEL_COL,Kelani,2003-06-23,2003-06-23,1,10.07
KEL_COL_20030709,KEL_COL,Kelani,2003-07-09,2003-07-09,1,9.23
KEL_COL_20031104,KEL_COL,Kelani,2003-11-04,2003-11-04,1,10.07
KEL_COL_20040926,KEL_COL,Kelani,2004-09-26,2004-09-27,2,35.64
KEL_COL_20041021,KEL_COL,Kelani,2004-10-21,2004-10-21,1,10.07
KEL_COL_20041031,KEL_COL,Kelani,2004-10-31,2004-11-01,2,12.93
KEL_COL_20041109,KEL_COL,Kelani,2004-11-09,2004-11-09,1,9.09
KEL_COL_20041122,KEL_COL,Kelani,2004-11-22,2004-11-22,1,9.05
KEL_COL_20050904,KEL_COL,Kelani,2005-09-04,2005-09-04,1,10.8
KEL_COL_20050911,KEL_COL,Kelani,2005-09-11,2005-09-11,1,8.62
KEL_COL_20051122,KEL_COL,Kelani,2005-11-22,2005-11-22,1,9.42
KEL_COL_20051125,KEL_COL,Kelani,2005-11-25,2005-11-25,1,8.66
KEL_COL_20061018,KEL_COL,Kelani,2006-10-18,2006-10-27,10,33.91
KEL_COL_20061103,KEL_COL,Kelani,2006-11-03,2006-11-07,5,30.7
KEL_COL_20061115,KEL_COL,Kelani,2006-11-15,2006-11-20,6,20.38
KEL_COL_20061126,KEL_COL,Kelani,2006-11-26,2006-11-26,1,11.94
KEL_COL_20070407,KEL_COL,Kelani,2007-04-07,2007-04-08,2,13.59
KEL_COL_20070411,KEL_COL,Kelani,2007-04-11,2007-04-11,1,11.11
KEL_COL_20070615,KEL_COL,Kelani,2007-06-15,2007-06-15,1,9.45
KEL_COL_20070621,KEL_COL,Kelani,2007-06-21,2007-06-21,1,9.67
KEL_COL_20080228,KEL_COL,Kelani,2008-02-28,2008-03-01,3,16.74
KEL_COL_20080310,KEL_COL,Kelani,2008-03-10,2008-03-11,2,17.58
KEL_COL_20080315,KEL_COL,Kelani,2008-03-15,2008-03-15,1,8.75
KEL_COL_20080409,KEL_COL,Kelani,2008-04-09,2008-04-09,1,8.62
KEL_COL_20081019,KEL_COL,Kelani,2008-10-19,2008-10-23,5,13.32
KEL_COL_20081121,KEL_COL,Kelani,2008-11-21,2008-11-21,1,12.15
KEL_COL_20090127,KEL_COL,Kelani,2009-01-27,2009-01-27,1,8.93
KEL_COL_20090524,KEL_COL,Kelani,2009-05-24,2009-05-24,1,14.17
KEL_COL_20091224,KEL_COL,Kelani,2009-12-24,2009-12-25,2,9.89
KEL_COL_20100520,KEL_COL,Kelani,2010-05-20,2010-05-20,1,9.28
KEL_COL_20101002,KEL_COL,Kelani,2010-10-02,2010-10-03,2,15.37
KEL_COL_20101111,KEL_COL,Kelani,2010-11-11,2010-11-11,1,20.58
KEL_COL_20101122,KEL_COL,Kelani,2010-11-22,2010-11-22,1,11.74
KEL_COL_20101130,KEL_COL,Kelani,2010-11-30,2010-12-01,2,9.67
KEL_COL_20101204,KEL_COL,Kelani,2010-12-04,2010-12-04,1,9.64
KEL_COL_20101208,KEL_COL,Kelani,2010-12-08,2010-12-08,1,11.08
KEL_COL_20101225,KEL_COL,Kelani,2010-12-25,2010-12-25,1,10.72
KEL_COL_20110913,KEL_COL,Kelani,2011-09-13,2011-09-13,1,9.64
KEL_COL_20111219,KEL_COL,Kelani,2011-12-19,2011-12-19,1,9.12
KEL_COL_20120214,KEL_COL,Kelani,2012-02-14,2012-02-14,1,13.59
KEL_COL_20121023,KEL_COL,Kelani,2012-10-23,2012-10-23,1,11.85
KEL_COL_20121028,KEL_COL,Kelani,2012-10-28,2012-10-29,2,11.56
KEL_COL_20121101,KEL_COL,Kelani,2012-11-01,2012-11-01,1,9.35
KEL_COL_20121124,KEL_COL,Kelani,2012-11-24,2012-11-24,1,10.38
KEL_COL_20121127,KEL_COL,Kelani,2012-11-27,2012-11-27,1,10.83
KEL_COL_20130107,KEL_COL,Kelani,2013-01-07,2013-01-07,1,11.05
KEL_COL_20130531,KEL_COL,Kelani,2013-05-31,2013-05-31,1,9.09
KEL_COL_20131030,KEL_COL,Kelani,2013-10-30,2013-11-02,4,10.97
KEL_COL_20140427,KEL_COL,Kelani,2014-04-27,2014-04-27,1,9.67
KEL_COL_20141015,KEL_COL,Kelani,2014-10-15,2014-10-18,4,13.93
KEL_COL_20141217,KEL_COL,Kelani,2014-12-17,2014-12-17,1,10.94
KEL_COL_20141220,KEL_COL,Kelani,2014-12-20,2014-12-25,6,16.38
KEL_COL_20150420,KEL_COL,Kelani,2015-04-20,2015-04-20,1,12.15
KEL_COL_20151016,KEL_COL,Kelani,2015-10-16,2015-10-20,5,22.39
KEL_COL_20151023,KEL_COL,Kelani,2015-10-23,2015-10-27,5,10.78
KEL_COL_20160514,KEL_COL,Kelani,2016-05-14,2016-05-19,6,51.48
KEL_COL_20161118,KEL_COL,Kelani,2016-11-18,2016-11-19,2,12.61
KEL_COL_20170130,KEL_COL,Kelani,2017-01-30,2017-01-30,1,9.99
KEL_COL_20171030,KEL_COL,Kelani,2017-10-30,2017-10-31,2,10.97
KEL_COL_20171106,KEL_COL,Kelani,2017-11-06,2017-11-06,1,9.94
KEL_COL_20171129,KEL_COL,Kelani,2017-11-29,2017-12-01,3,15.07
KEL_COL_20180524,KEL_COL,Kelani,2018-05-24,2018-05-24,1,8.98
KEL_COL_20180607,KEL_COL,Kelani,2018-06-07,2018-06-07,1,12.09
KEL_COL_20180929,KEL_COL,Kelani,2018-09-29,2018-10-01,3,21.96
KEL_COL_20181024,KEL_COL,Kelani,2018-10-24,2018-10-24,1,16.5
KEL_COL_20190813,KEL_COL,Kelani,2019-08-13,2019-08-13,1,9.94
KEL_COL_20191013,KEL_COL,Kelani,2019-10-13,2019-10-16,4,19.14
KEL_COL_20191020,KEL_COL,Kelani,2019-10-20,2019-10-20,1,11.08
KEL_COL_20191130,KEL_COL,Kelani,2019-11-30,2019-11-30,1,10.72
KEL_COL_20191205,KEL_COL,Kelani,2019-12-05,2019-12-05,1,10.27
KEL_COL_20191220,KEL_COL,Kelani,2019-12-20,2019-12-22,3,14.63
KEL_COL_20200806,KEL_COL,Kelani,2020-08-06,2020-08-06,1,9.09
KEL_COL_20200809,KEL_COL,Kelani,2020-08-09,2020-08-09,1,8.95
KEL_COL_20200906,KEL_COL,Kelani,2020-09-06,2020-09-06,1,9.0
KEL_COL_20201120,KEL_COL,Kelani,2020-11-20,2020-11-20,1,8.82
KEL_COL_20210113,KEL_COL,Kelani,2021-01-13,2021-01-13,1,12.24
KEL_COL_20210308,KEL_COL,Kelani,2021-03-08,2021-03-08,1,8.89
KEL_COL_20210503,KEL_COL,Kelani,2021-05-03,2021-05-03,1,9.96
KEL_COL_20210512,KEL_COL,Kelani,2021-05-12,2021-05-13,2,8.77
KEL_COL_20210525,KEL_COL,Kelani,2021-05-25,2021-05-25,1,10.27
KEL_COL_20210709,KEL_COL,Kelani,2021-07-09,2021-07-09,1,8.64
KEL_COL_20211028,KEL_COL,Kelani,2021-10-28,2021-10-30,3,15.33
KEL_COL_20211108,KEL_COL,Kelani,2021-11-08,2021-11-09,2,14.67
KEL_COL_20220514,KEL_COL,Kelani,2022-05-14,2022-05-14,1,14.17
KEL_COL_20230902,KEL_COL,Kelani,2023-09-02,2023-09-02,1,8.64
KEL_COL_20231019,KEL_COL,Kelani,2023-10-19,2023-10-19,1,8.73
KEL_COL_20240519,KEL_COL,Kelani,2024-05-19,2024-05-27,9,14.7
KEL_COL_20240603,KEL_COL,Kelani,2024-06-03,2024-06-03,1,9.74
KEL_COL_20240623,KEL_COL,Kelani,2024-06-23,2024-06-23,1,10.07
KEL_COL_20240730,KEL_COL,Kelani,2024-07-30,2024-07-30,1,10.14
KEL_COL_20240813,KEL_COL,Kelani,2024-08-13,2024-08-13,1,10.07
KEL_COL_20240818,KEL_COL,Kelani,2024-08-18,2024-08-18,1,11.19
KEL_COL_20241011,KEL_COL,Kelani,2024-10-11,2024-10-12,2,14.28
KEL_COL_20241015,KEL_COL,Kelani,2024-10-15,2024-10-15,1,10.43
KEL_COL_20241127,KEL_COL,Kelani,2024-11-27,2024-11-29,3,9.09
KEL_COL_20251128,KEL_COL,Kelani,2025-11-28,2025-11-30,3,45.34
KEL_HAN_20040926,KEL_HAN,Kelani,2004-09-26,2004-09-28,3,27.77
KEL_HAN_20041026,KEL_HAN,Kelani,2004-10-26,2004-11-05,11,33.43
KEL_HAN_20041109,KEL_HAN,Kelani,2004-11-09,2004-11-18,10,26.61
KEL_HAN_20061020,KEL_HAN,Kelani,2006-10-20,2006-11-29,41,45.13
KEL_HAN_20080229,KEL_HAN,Kelani,2008-02-29,2008-02-29,1,29.13
KEL_HAN_20101003,KEL_HAN,Kelani,2010-10-03,2010-10-03,1,22.71
KEL_HAN_20110913,KEL_HAN,Kelani,2011-09-13,2011-09-15,3,24.64
KEL_HAN_20120214,KEL_HAN,Kelani,2012-02-14,2012-02-14,1,24.35
KEL_HAN_20121029,KEL_HAN,Kelani,2012-10-29,2012-11-01,4,23.04
KEL_HAN_20130710,KEL_HAN,Kelani,2013-07-10,2013-07-11,2,21.96
KEL_HAN_20141224,KEL_HAN,Kelani,2014-12-24,2014-12-27,4,26.8
KEL_HAN_20151016,KEL_HAN,Kelani,2015-10-16,2015-10-30,15,29.9
KEL_HAN_20151218,KEL_HAN,Kelani,2015-12-18,2015-12-18,1,21.8
KEL_HAN_20160515,KEL_HAN,Kelani,2016-05-15,2016-05-28,14,52.7
KEL_HAN_20180930,KEL_HAN,Kelani,2018-09-30,2018-09-30,1,22.99
KEL_HAN_20191015,KEL_HAN,Kelani,2019-10-15,2019-10-22,8,33.2
KEL_HAN_20231021,KEL_HAN,Kelani,2023-10-21,2023-10-25,5,28.92
KEL_HAN_20231031,KEL_HAN,Kelani,2023-10-31,2023-11-17,18,35.22
KEL_HAN_20231122,KEL_HAN,Kelani,2023-11-22,2023-11-23,2,22.99
KEL_HAN_20240527,KEL_HAN,Kelani,2024-05-27,2024-05-31,5,28.51
KEL_HAN_20240603,KEL_HAN,Kelani,2024-06-03,2024-06-04,2,23.27
KEL_HAN_20251022,KEL_HAN,Kelani,2025-10-22,2025-10-24,3,23.89
KEL_HAN_20251128,KEL_HAN,Kelani,2025-11-28,2025-12-03,6,58.57
KEL_KAD_20040926,KEL_KAD,Kelani,2004-09-26,2004-09-27,2,521.4
KEL_KAD_20041101,KEL_KAD,Kelani,2004-11-01,2004-11-03,3,579.76
KEL_KAD_20041109,KEL_KAD,Kelani,2004-11-09,2004-11-17,9,566.54
KEL_KAD_20061020,KEL_KAD,Kelani,2006-10-20,2006-11-29,41,858.01
KEL_KAD_20080315,KEL_KAD,Kelani,2008-03-15,2008-03-16,2,519.0
KEL_KAD_20081020,KEL_KAD,Kelani,2008-10-20,2008-10-21,2,527.45
KEL_KAD_20121027,KEL_KAD,Kelani,2012-10-27,2012-11-02,7,607.13
KEL_KAD_20121108,KEL_KAD,Kelani,2012-11-08,2012-11-10,3,516.61
KEL_KAD_20121127,KEL_KAD,Kelani,2012-11-27,2012-11-28,2,553.63
KEL_KAD_20141222,KEL_KAD,Kelani,2014-12-22,2014-12-28,7,694.02
KEL_KAD_20151018,KEL_KAD,Kelani,2015-10-18,2015-11-08,22,694.02
KEL_KAD_20160515,KEL_KAD,Kelani,2016-05-15,2016-05-23,9,1038.92
KEL_KAD_20171106,KEL_KAD,Kelani,2017-11-06,2017-11-06,1,509.5
KEL_KAD_20191015,KEL_KAD,Kelani,2019-10-15,2019-10-17,3,590.56
KEL_KAD_20191020,KEL_KAD,Kelani,2019-10-20,2019-10-22,3,571.8
KEL_KAD_20231021,KEL_KAD,Kelani,2023-10-21,2023-10-23,3,653.64
KEL_KAD_20231031,KEL_KAD,Kelani,2023-10-31,2023-11-17,18,690.83
KEL_KAD_20231121,KEL_KAD,Kelani,2023-11-21,2023-11-25,5,579.76
KEL_KAD_20240525,KEL_KAD,Kelani,2024-05-25,2024-05-30,6,629.96
KEL_KAD_20241128,KEL_KAD,Kelani,2024-11-28,2024-11-28,1,528.66
KEL_KAD_20251022,KEL_KAD,Kelani,2025-10-22,2025-10-24,3,563.94
KEL_KAD_20251126,KEL_KAD,Kelani,2025-11-26,2025-12-04,9,1376.21
KEL_KIT_20061023,KEL_KIT,Kelani,2006-10-23,2006-10-27,5,75.74
KEL_KIT_20061101,KEL_KIT,Kelani,2006-11-01,2006-11-27,27,86.1
KEL_KIT_20080315,KEL_KIT,Kelani,2008-03-15,2008-03-15,1,65.99
KEL_KIT_20080409,KEL_KIT,Kelani,2008-04-09,2008-04-09,1,64.31
KEL_KIT_20081020,KEL_KIT,Kelani,2008-10-20,2008-10-20,1,66.61
KEL_KIT_20091228,KEL_KIT,Kelani,2009-12-28,2009-12-28,1,63.12
KEL_KIT_20101002,KEL_KIT,Kelani,2010-10-02,2010-10-02,1,72.45
KEL_KIT_20101203,KEL_KIT,Kelani,2010-12-03,2010-12-05,3,73.13
KEL_KIT_20101225,KEL_KIT,Kelani,2010-12-25,2010-12-25,1,65.83
KEL_KIT_20110108,KEL_KIT,Kelani,2011-01-08,2011-01-15,8,92.76
KEL_KIT_20121027,KEL_KIT,Kelani,2012-10-27,2012-11-03,8,91.47
KEL_KIT_20121107,KEL_KIT,Kelani,2012-11-07,2012-11-12,6,69.96
KEL_KIT_20121115,KEL_KIT,Kelani,2012-11-15,2012-11-18,4,82.37
KEL_KIT_20121127,KEL_KIT,Kelani,2012-11-27,2012-11-27,1,66.92
KEL_KIT_20130107,KEL_KIT,Kelani,2013-01-07,2013-01-08,2,80.85
KEL_KIT_20141016,KEL_KIT,Kelani,2014-10-16,2014-10-17,2,78.98
KEL_KIT_20141220,KEL_KIT,Kelani,2014-12-20,2014-12-30,11,105.41
KEL_KIT_20151018,KEL_KIT,Kelani,2015-10-18,2015-11-10,24,96.72
KEL_KIT_20151114,KEL_KIT,Kelani,2015-11-14,2015-11-14,1,63.12
KEL_KIT_20160514,KEL_KIT,Kelani,2016-05-14,2016-05-20,7,121.18
KEL_KIT_20181105,KEL_KIT,Kelani,2018-11-05,2018-11-09,5,85.1
KEL_KIT_20191020,KEL_KIT,Kelani,2019-10-20,2019-10-20,1,67.08
KEL_KIT_20210113,KEL_KIT,Kelani,2021-01-13,2021-01-14,2,69.47
KEL_KIT_20231021,KEL_KIT,Kelani,2023-10-21,2023-11-16,27,84.11
KEL_KIT_20231121,KEL_KIT,Kelani,2023-11-21,2023-11-25,5,81.6
KEL_KIT_20231219,KEL_KIT,Kelani,2023-12-19,2023-12-21,3,79.17
KEL_KIT_20240523,KEL_KIT,Kelani,2024-05-23,2024-05-29,7,97.4
KEL_KIT_20241127,KEL_KIT,Kelani,2024-11-27,2024-11-29,3,79.17
KEL_RUW_20041101,KEL_RUW,Kelani,2004-11-01,2004-11-01,1,207.93
KEL_RUW_20041112,KEL_RUW,Kelani,2004-11-12,2004-11-16,5,208.41
KEL_RUW_20061020,KEL_RUW,Kelani,2006-10-20,2006-10-29,10,284.1
KEL_RUW_20061101,KEL_RUW,Kelani,2006-11-01,2006-11-28,28,290.74
KEL_RUW_20080315,KEL_RUW,Kelani,2008-03-15,2008-03-16,2,216.77
KEL_RUW_20081020,KEL_RUW,Kelani,2008-10-20,2008-10-20,1,220.82
KEL_RUW_20091228,KEL_RUW,Kelani,2009-12-28,2009-12-29,2,212.8
KEL_RUW_20101203,KEL_RUW,Kelani,2010-12-03,2010-12-04,2,215.27
KEL_RUW_20110109,KEL_RUW,Kelani,2011-01-09,2011-01-10,2,228.09
KEL_RUW_20121027,KEL_RUW,Kelani,2012-10-27,2012-11-02,7,264.46
KEL_RUW_20121107,KEL_RUW,Kelani,2012-11-07,2012-11-11,5,217.27
KEL_RUW_20121115,KEL_RUW,Kelani,2012-11-15,2012-11-17,3,229.67
KEL_RUW_20121127,KEL_RUW,Kelani,2012-11-27,2012-11-27,1,220.82
KEL_RUW_20130107,KEL_RUW,Kelani,2013-01-07,2013-01-08,2,226.51
KEL_RUW_20141016,KEL_RUW,Kelani,2014-10-16,2014-10-17,2,207.45
KEL_RUW_20141220,KEL_RUW,Kelani,2014-12-20,2014-12-29,10,298.92
KEL_RUW_20151018,KEL_RUW,Kelani,2015-10-18,2015-11-09,23,291.42
KEL_RUW_20160515,KEL_RUW,Kelani,2016-05-15,2016-05-21,7,367.13
KEL_RUW_20181105,KEL_RUW,Kelani,2018-11-05,2018-11-06,2,210.84
KEL_RUW_20191020,KEL_RUW,Kelani,2019-10-20,2019-10-21,2,220.82
KEL_RUW_20210113,KEL_RUW,Kelani,2021-01-13,2021-01-13,1,209.86
KEL_RUW_20210503,KEL_RUW,Kelani,2021-05-03,2021-05-03,1,239.44
KEL_RUW_20231021,KEL_RUW,Kelani,2023-10-21,2023-10-22,2,234.5
KEL_RUW_20231031,KEL_RUW,Kelani,2023-10-31,2023-11-16,17,254.27
KEL_RUW_20231121,KEL_RUW,Kelani,2023-11-21,2023-11-25,5,245.6
KEL_RUW_20231219,KEL_RUW,Kelani,2023-12-19,2023-12-20,2,220.31
KEL_RUW_20240523,KEL_RUW,Kelani,2024-05-23,2024-05-28,6,272.53
KEL_RUW_20241127,KEL_RUW,Kelani,2024-11-27,2024-11-29,3,235.05
KEL_UP_20061108,KEL_UP,Kelani,2006-11-08,2006-11-23,16,27.31
KEL_UP_20101002,KEL_UP,Kelani,2010-10-02,2010-10-02,1,21.44
KEL_UP_20101203,KEL_UP,Kelani,2010-12-03,2010-12-05,3,25.3
KEL_UP_20101223,KEL_UP,Kelani,2010-12-23,2010-12-26,4,25.36
KEL_UP_20110101,KEL_UP,Kelani,2011-01-01,2011-01-18,18,38.99
KEL_UP_20110201,KEL_UP,Kelani,2011-02-01,2011-02-10,10,25.18
KEL_UP_20121027,KEL_UP,Kelani,2012-10-27,2012-11-04,9,30.77
KEL_UP_20121111,KEL_UP,Kelani,2012-11-11,2012-11-19,9,31.14
KEL_UP_20130107,KEL_UP,Kelani,2013-01-07,2013-01-08,2,25.85
KEL_UP_20141015,KEL_UP,Kelani,2014-10-15,2014-10-18,4,34.73
KEL_UP_20141222,KEL_UP,Kelani,2014-12-22,2014-12-31,10,36.93
KEL_UP_20151023,KEL_UP,Kelani,2015-10-23,2015-11-14,23,33.43
KEL_UP_20160514,KEL_UP,Kelani,2016-05-14,2016-05-18,5,38.9
KEL_UP_20171130,KEL_UP,Kelani,2017-11-30,2017-11-30,1,20.93
KEL_UP_20181105,KEL_UP,Kelani,2018-11-05,2018-11-10,6,31.21
KEL_UP_20231021,KEL_UP,Kelani,2023-10-21,2023-10-21,1,22.01
KEL_UP_20231025,KEL_UP,Kelani,2023-10-25,2023-11-16,23,26.16
KEL_UP_20231121,KEL_UP,Kelani,2023-11-21,2023-11-25,5,25.12
KEL_UP_20231219,KEL_UP,Kelani,2023-12-19,2023-12-20,2,25.79
KEL_UP_20240524,KEL_UP,Kelani,2024-05-24,2024-05-27,4,31.21
KIR_TIS_20041213,KIR_TIS,KirindiOya,2004-12-13,2004-12-13,1,5.75
KIR_TIS_20041216,KIR_TIS,KirindiOya,2004-12-16,2004-12-16,1,6.24
KIR_TIS_20051122,KIR_TIS,KirindiOya,2005-11-22,2005-11-23,2,14.49
KIR_TIS_20061119,KIR_TIS,KirindiOya,2006-11-19,2006-11-21,3,6.48
KIR_TIS_20080316,KIR_TIS,KirindiOya,2008-03-16,2008-03-18,3,6.41
KIR_TIS_20081217,KIR_TIS,KirindiOya,2008-12-17,2008-12-18,2,7.34
KIR_TIS_20091103,KIR_TIS,KirindiOya,2009-11-03,2009-11-03,1,5.73
KIR_TIS_20101122,KIR_TIS,KirindiOya,2010-11-22,2010-11-25,4,25.61
KIR_TIS_20101130,KIR_TIS,KirindiOya,2010-11-30,2010-12-05,6,7.71
KIR_TIS_20101223,KIR_TIS,KirindiOya,2010-12-23,2010-12-29,7,28.85
KIR_TIS_20110101,KIR_TIS,KirindiOya,2011-01-01,2011-01-17,17,10.72
KIR_TIS_20110201,KIR_TIS,KirindiOya,2011-02-01,2011-02-03,3,7.43
KIR_TIS_20111219,KIR_TIS,KirindiOya,2011-12-19,2011-12-27,9,12.06
KIR_TIS_20121115,KIR_TIS,KirindiOya,2012-11-15,2012-11-19,5,13.09
KIR_TIS_20130107,KIR_TIS,KirindiOya,2013-01-07,2013-01-09,3,9.35
KIR_TIS_20141123,KIR_TIS,KirindiOya,2014-11-23,2014-11-27,5,6.01
KIR_TIS_20141217,KIR_TIS,KirindiOya,2014-12-17,2014-12-19,3,7.97
KIR_TIS_20141222,KIR_TIS,KirindiOya,2014-12-22,2015-01-06,16,30.62
KIR_TIS_20151024,KIR_TIS,KirindiOya,2015-10-24,2015-10-26,3,14.92
KIR_TIS_20151108,KIR_TIS,KirindiOya,2015-11-08,2015-11-09,2,6.35
KIR_TIS_20151112,KIR_TIS,KirindiOya,2015-11-12,2015-11-17,6,9.28
KIR_TIS_20151211,KIR_TIS,KirindiOya,2015-12-11,2015-12-11,1,5.55
KIR_TIS_20160514,KIR_TIS,KirindiOya,2016-05-14,2016-05-18,5,37.02
KIR_TIS_20171129,KIR_TIS,KirindiOya,2017-11-29,2017-12-01,3,8.16
KIR_TIS_20181105,KIR_TIS,KirindiOya,2018-11-05,2018-11-05,1,5.61
KIR_TIS_20191029,KIR_TIS,KirindiOya,2019-10-29,2019-10-30,2,7.57
KIR_TIS_20201222,KIR_TIS,KirindiOya,2020-12-22,2020-12-22,1,8.12
KIR_TIS_20210115,KIR_TIS,KirindiOya,2021-01-15,2021-01-15,1,5.56
KIR_TIS_20221226,KIR_TIS,KirindiOya,2022-12-26,2022-12-27,2,11.36
KIR_TIS_20231105,KIR_TIS,KirindiOya,2023-11-05,2023-12-03,29,9.69
KIR_TIS_20231216,KIR_TIS,KirindiOya,2023-12-16,2023-12-21,6,6.96
KIR_TIS_20240104,KIR_TIS,KirindiOya,2024-01-04,2024-01-04,1,5.67
KIR_TIS_20240111,KIR_TIS,KirindiOya,2024-01-11,2024-01-12,2,7.11
KIR_TIS_20241127,KIR_TIS,KirindiOya,2024-11-27,2024-11-28,2,7.51
KLA_ELA_20051122,KLA_ELA,KalaOya,2005-11-22,2005-11-26,5,2.03
KLA_ELA_20061118,KLA_ELA,KalaOya,2006-11-18,2006-11-23,6,1.82
KLA_ELA_20081123,KLA_ELA,KalaOya,2008-11-23,2008-11-28,6,3.4
KLA_ELA_20081206,KLA_ELA,KalaOya,2008-12-06,2008-12-09,4,2.72
KLA_ELA_20091227,KLA_ELA,KalaOya,2009-12-27,2009-12-31,5,5.25
KLA_ELA_20100430,KLA_ELA,KalaOya,2010-04-30,2010-05-01,2,1.78
KLA_ELA_20101202,KLA_ELA,KalaOya,2010-12-02,2010-12-14,13,2.76
KLA_ELA_20101224,KLA_ELA,KalaOya,2010-12-24,2011-01-19,27,14.21
KLA_ELA_20110203,KLA_ELA,KalaOya,2011-02-03,2011-02-13,11,8.29
KLA_ELA_20121126,KLA_ELA,KalaOya,2012-11-26,2012-11-27,2,2.12
KLA_ELA_20141103,KLA_ELA,KalaOya,2014-11-03,2014-11-07,5,7.07
KLA_ELA_20141129,KLA_ELA,KalaOya,2014-11-29,2014-11-29,1,1.53
KLA_ELA_20151114,KLA_ELA,KalaOya,2015-11-14,2015-11-24,11,5.41
KLA_ELA_20151205,KLA_ELA,KalaOya,2015-12-05,2015-12-15,11,2.05
KLA_ELA_20160516,KLA_ELA,KalaOya,2016-05-16,2016-05-17,2,3.29
KLA_ELA_20201202,KLA_ELA,KalaOya,2020-12-02,2020-12-04,3,3.66
KLA_ELA_20211108,KLA_ELA,KalaOya,2021-11-08,2021-11-19,12,2.68
KLA_ELA_20231112,KLA_ELA,KalaOya,2023-11-12,2023-12-08,27,4.19
KLA_ELA_20240520,KLA_ELA,KalaOya,2024-05-20,2024-05-21,2,1.77
KLA_ELA_20241126,KLA_ELA,KalaOya,2024-11-26,2024-12-05,10,6.98
MAH_KAN_20061026,MAH_KAN,Mahaweli,2006-10-26,2006-10-28,3,380.94
MAH_KAN_20061103,MAH_KAN,Mahaweli,2006-11-03,2006-11-23,21,362.92
MAH_KAN_20080315,MAH_KAN,Mahaweli,2008-03-15,2008-03-16,2,301.69
MAH_KAN_20101002,MAH_KAN,Mahaweli,2010-10-02,2010-10-03,2,305.2
MAH_KAN_20101202,MAH_KAN,Mahaweli,2010-12-02,2010-12-06,5,361.24
MAH_KAN_20101225,MAH_KAN,Mahaweli,2010-12-25,2010-12-25,1,281.49
MAH_KAN_20110108,MAH_KAN,Mahaweli,2011-01-08,2011-01-18,11,553.63
MAH_KAN_20110201,MAH_KAN,Mahaweli,2011-02-01,2011-02-08,8,417.79
MAH_KAN_20121028,MAH_KAN,Mahaweli,2012-10-28,2012-11-02,6,378.31
MAH_KAN_20121115,MAH_KAN,Mahaweli,2012-11-15,2012-11-16,2,297.54
MAH_KAN_20121127,MAH_KAN,Mahaweli,2012-11-27,2012-11-28,2,338.63
MAH_KAN_20130107,MAH_KAN,Mahaweli,2013-01-07,2013-01-09,3,461.38
MAH_KAN_20141220,MAH_KAN,Mahaweli,2014-12-20,2015-01-02,14,546.02
MAH_KAN_20151020,MAH_KAN,Mahaweli,2015-10-20,2015-11-10,22,549.81
MAH_KAN_20151114,MAH_KAN,Mahaweli,2015-11-14,2015-11-16,3,301.0
MAH_KAN_20160515,MAH_KAN,Mahaweli,2016-05-15,2016-05-19,5,867.96
MAH_KAN_20171031,MAH_KAN,Mahaweli,2017-10-31,2017-10-31,1,278.25
MAH_KAN_20171105,MAH_KAN,Mahaweli,2017-11-05,2017-11-05,1,305.9
MAH_KAN_20181105,MAH_KAN,Mahaweli,2018-11-05,2018-11-10,6,466.74
MAH_KAN_20190209,MAH_KAN,Mahaweli,2019-02-09,2019-02-09,1,449.82
MAH_KAN_20191029,MAH_KAN,Mahaweli,2019-10-29,2019-10-30,2,280.19
MAH_KAN_20201118,MAH_KAN,Mahaweli,2020-11-18,2020-11-18,1,289.4
MAH_KAN_20210113,MAH_KAN,Mahaweli,2021-01-13,2021-01-15,3,353.0
MAH_KAN_20211109,MAH_KAN,Mahaweli,2021-11-09,2021-11-10,2,305.2
MAH_KAN_20211125,MAH_KAN,Mahaweli,2021-11-25,2021-11-25,1,284.76
MAH_KAN_20231021,MAH_KAN,Mahaweli,2023-10-21,2023-10-26,6,360.41
MAH_KAN_20231101,MAH_KAN,Mahaweli,2023-11-01,2023-11-16,16,333.97
MAH_KAN_20231121,MAH_KAN,Mahaweli,2023-11-21,2023-11-27,7,401.72
MAH_KAN_20231210,MAH_KAN,Mahaweli,2023-12-10,2023-12-11,2,288.73
MAH_KAN_20231219,MAH_KAN,Mahaweli,2023-12-19,2023-12-20,2,366.28
MAH_KAN_20240526,MAH_KAN,Mahaweli,2024-05-26,2024-05-26,1,275.06
MAH_KAN_20241127,MAH_KAN,Mahaweli,2024-11-27,2024-11-30,4,483.17
MAH_MAN_20041216,MAH_MAN,Mahaweli,2004-12-16,2004-12-16,1,3.75
MAH_MAN_20051120,MAH_MAN,Mahaweli,2005-11-20,2005-11-21,2,3.71
MAH_MAN_20051125,MAH_MAN,Mahaweli,2005-11-25,2005-11-25,1,3.71
MAH_MAN_20101203,MAH_MAN,Mahaweli,2010-12-03,2010-12-07,5,4.83
MAH_MAN_20101223,MAH_MAN,Mahaweli,2010-12-23,2011-01-29,38,13.13
MAH_MAN_20110201,MAH_MAN,Mahaweli,2011-02-01,2011-02-20,20,18.28
MAH_MAN_20111224,MAH_MAN,Mahaweli,2011-12-24,2011-12-24,1,3.76
MAH_MAN_20121029,MAH_MAN,Mahaweli,2012-10-29,2012-11-01,4,6.03
MAH_MAN_20121126,MAH_MAN,Mahaweli,2012-11-26,2012-11-28,3,5.59
MAH_MAN_20121224,MAH_MAN,Mahaweli,2012-12-24,2012-12-26,3,3.76
MAH_MAN_20130107,MAH_MAN,Mahaweli,2013-01-07,2013-01-13,7,6.94
MAH_MAN_20141126,MAH_MAN,Mahaweli,2014-11-26,2014-11-28,3,3.86
MAH_MAN_20141220,MAH_MAN,Mahaweli,2014-12-20,2015-01-07,19,11.39
MAH_MAN_20151114,MAH_MAN,Mahaweli,2015-11-14,2015-11-18,5,5.59
MAH_MAN_20181023,MAH_MAN,Mahaweli,2018-10-23,2018-10-23,1,3.89
MAH_MAN_20181105,MAH_MAN,Mahaweli,2018-11-05,2018-11-14,10,10.51
MAH_MAN_20221227,MAH_MAN,Mahaweli,2022-12-27,2022-12-27,1,4.25
MAH_MAN_20241105,MAH_MAN,Mahaweli,2024-11-05,2024-11-05,1,4.33
MAH_MAN_20241126,MAH_MAN,Mahaweli,2024-11-26,2024-12-04,9,9.86
MAH_MAN_20241219,MAH_MAN,Mahaweli,2024-12-19,2024-12-22,4,7.32
MAH_MHY_20041216,MAH_MHY,Mahaweli,2004-12-16,2004-12-18,3,4.04
MAH_MHY_20101203,MAH_MHY,Mahaweli,2010-12-03,2010-12-05,3,4.28
MAH_MHY_20110105,MAH_MHY,Mahaweli,2011-01-05,2011-01-24,20,10.25
MAH_MHY_20110201,MAH_MHY,Mahaweli,2011-02-01,2011-02-18,18,12.3
MAH_MHY_20111219,MAH_MHY,Mahaweli,2011-12-19,2011-12-27,9,5.9
MAH_MHY_20121222,MAH_MHY,Mahaweli,2012-12-22,2012-12-25,4,4.69
MAH_MHY_20130107,MAH_MHY,Mahaweli,2013-01-07,2013-01-14,8,7.75
MAH_MHY_20130123,MAH_MHY,Mahaweli,2013-01-23,2013-01-26,4,4.66
MAH_MHY_20140116,MAH_MHY,Mahaweli,2014-01-16,2014-01-18,3,6.59
MAH_MHY_20141122,MAH_MHY,Mahaweli,2014-11-22,2014-11-30,9,6.83
MAH_MHY_20141220,MAH_MHY,Mahaweli,2014-12-20,2015-01-10,22,17.71
MAH_MHY_20151026,MAH_MHY,Mahaweli,2015-10-26,2015-10-31,6,11.3
MAH_MHY_20160515,MAH_MHY,Mahaweli,2016-05-15,2016-05-16,2,7.91
MAH_MHY_20181105,MAH_MHY,Mahaweli,2018-11-05,2018-11-14,10,15.56
MAH_MHY_20221105,MAH_MHY,Mahaweli,2022-11-05,2022-11-07,3,8.93
MAH_MHY_20231121,MAH_MHY,Mahaweli,2023-11-21,2023-11-24,4,5.31
MAH_MHY_20231216,MAH_MHY,Mahaweli,2023-12-16,2023-12-16,1,3.7
MAH_MHY_20241126,MAH_MHY,Mahaweli,2024-11-26,2024-11-30,5,21.49
MAH_MHY_20241217,MAH_MHY,Mahaweli,2024-12-17,2024-12-18,2,3.88
MAH_NUW_20061108,MAH_NUW,Mahaweli,2006-11-08,2006-11-08,1,5.03
MAH_NUW_20061120,MAH_NUW,Mahaweli,2006-11-20,2006-11-20,1,4.85
MAH_NUW_20071025,MAH_NUW,Mahaweli,2007-10-25,2007-10-25,1,4.77
MAH_NUW_20101002,MAH_NUW,Mahaweli,2010-10-02,2010-10-03,2,6.21
MAH_NUW_20101201,MAH_NUW,Mahaweli,2010-12-01,2010-12-09,9,6.6
MAH_NUW_20101225,MAH_NUW,Mahaweli,2010-12-25,2010-12-26,2,5.7
MAH_NUW_20110108,MAH_NUW,Mahaweli,2011-01-08,2011-01-19,12,10.99
MAH_NUW_20110201,MAH_NUW,Mahaweli,2011-02-01,2011-02-10,10,8.38
MAH_NUW_20111219,MAH_NUW,Mahaweli,2011-12-19,2011-12-24,6,7.17
MAH_NUW_20121027,MAH_NUW,Mahaweli,2012-10-27,2012-11-07,12,7.18
MAH_NUW_20121115,MAH_NUW,Mahaweli,2012-11-15,2012-11-17,3,6.43
MAH_NUW_20130107,MAH_NUW,Mahaweli,2013-01-07,2013-01-10,4,11.56
MAH_NUW_20131123,MAH_NUW,Mahaweli,2013-11-23,2013-11-23,1,5.61
MAH_NUW_20141122,MAH_NUW,Mahaweli,2014-11-22,2014-11-25,4,6.96
MAH_NUW_20141220,MAH_NUW,Mahaweli,2014-12-20,2015-01-04,16,11.65
MAH_NUW_20151023,MAH_NUW,Mahaweli,2015-10-23,2015-11-15,24,9.96
MAH_NUW_20160515,MAH_NUW,Mahaweli,2016-05-15,2016-05-16,2,13.59
MAH_NUW_20171129,MAH_NUW,Mahaweli,2017-11-29,2017-11-30,2,5.43
MAH_NUW_20181020,MAH_NUW,Mahaweli,2018-10-20,2018-10-20,1,4.96
MAH_NUW_20181105,MAH_NUW,Mahaweli,2018-11-05,2018-11-13,9,15.79
MAH_NUW_20191029,MAH_NUW,Mahaweli,2019-10-29,2019-10-31,3,5.95
MAH_NUW_20210113,MAH_NUW,Mahaweli,2021-01-13,2021-01-14,2,6.43
MAH_NUW_20211109,MAH_NUW,Mahaweli,2021-11-09,2021-11-11,3,5.89
MAH_NUW_20221105,MAH_NUW,Mahaweli,2022-11-05,2022-11-08,4,8.33
MAH_NUW_20231014,MAH_NUW,Mahaweli,2023-10-14,2023-10-17,4,5.11
MAH_NUW_20231020,MAH_NUW,Mahaweli,2023-10-20,2023-11-16,28,6.78
MAH_NUW_20231119,MAH_NUW,Mahaweli,2023-11-19,2023-11-28,10,6.78
MAH_NUW_20231219,MAH_NUW,Mahaweli,2023-12-19,2023-12-21,3,7.83
MAH_NUW_20241127,MAH_NUW,Mahaweli,2024-11-27,2024-11-29,3,7.32
MAH_PER_20061026,MAH_PER,Mahaweli,2006-10-26,2006-10-28,3,336.29
MAH_PER_20061103,MAH_PER,Mahaweli,2006-11-03,2006-11-23,21,323.34
MAH_PER_20080315,MAH_PER,Mahaweli,2008-03-15,2008-03-18,4,267.53
MAH_PER_20101002,MAH_PER,Mahaweli,2010-10-02,2010-10-03,2,268.77
MAH_PER_20101202,MAH_PER,Mahaweli,2010-12-02,2010-12-06,5,303.09
MAH_PER_20101225,MAH_PER,Mahaweli,2010-12-25,2010-12-25,1,237.23
MAH_PER_20110108,MAH_PER,Mahaweli,2011-01-08,2011-01-17,10,439.55
MAH_PER_20110202,MAH_PER,Mahaweli,2011-02-02,2011-02-07,6,315.96
MAH_PER_20121027,MAH_PER,Mahaweli,2012-10-27,2012-11-03,8,343.35
MAH_PER_20121108,MAH_PER,Mahaweli,2012-11-08,2012-11-08,1,235.05
MAH_PER_20121115,MAH_PER,Mahaweli,2012-11-15,2012-11-16,2,262.63
MAH_PER_20121127,MAH_PER,Mahaweli,2012-11-27,2012-11-28,2,287.4
MAH_PER_20130107,MAH_PER,Mahaweli,2013-01-07,2013-01-09,3,396.19
MAH_PER_20141220,MAH_PER,Mahaweli,2014-12-20,2015-01-02,14,457.14
MAH_PER_20151020,MAH_PER,Mahaweli,2015-10-20,2015-11-10,22,434.51
MAH_PER_20151114,MAH_PER,Mahaweli,2015-11-14,2015-11-15,2,249.03
MAH_PER_20160515,MAH_PER,Mahaweli,2016-05-15,2016-05-19,5,667.34
MAH_PER_20171031,MAH_PER,Mahaweli,2017-10-31,2017-10-31,1,235.05
MAH_PER_20171105,MAH_PER,Mahaweli,2017-11-05,2017-11-06,2,272.53
MAH_PER_20181105,MAH_PER,Mahaweli,2018-11-05,2018-11-10,6,402.65
MAH_PER_20190209,MAH_PER,Mahaweli,2019-02-09,2019-02-09,1,379.19
MAH_PER_20191029,MAH_PER,Mahaweli,2019-10-29,2019-10-30,2,250.19
MAH_PER_20201118,MAH_PER,Mahaweli,2020-11-18,2020-11-18,1,239.99
MAH_PER_20210113,MAH_PER,Mahaweli,2021-01-13,2021-01-15,3,313.77
MAH_PER_20211109,MAH_PER,Mahaweli,2021-11-09,2021-11-10,2,261.42
MAH_PER_20211125,MAH_PER,Mahaweli,2021-11-25,2021-11-25,1,238.88
MAH_PER_20231021,MAH_PER,Mahaweli,2023-10-21,2023-10-27,7,313.77
MAH_PER_20231101,MAH_PER,Mahaweli,2023-11-01,2023-11-16,16,295.48
MAH_PER_20231121,MAH_PER,Mahaweli,2023-11-21,2023-11-27,7,343.35
MAH_PER_20231211,MAH_PER,Mahaweli,2023-12-11,2023-12-11,1,237.23
MAH_PER_20231219,MAH_PER,Mahaweli,2023-12-19,2023-12-20,2,330.89
MAH_PER_20240524,MAH_PER,Mahaweli,2024-05-24,2024-05-27,4,255.45
MAH_PER_20241127,MAH_PER,Mahaweli,2024-11-27,2024-11-30,4,422.64
MAH_POL_20041215,MAH_POL,Mahaweli,2004-12-15,2004-12-16,2,7.34
MAH_POL_20051120,MAH_POL,Mahaweli,2005-11-20,2005-11-20,1,8.55
MAH_POL_20101202,MAH_POL,Mahaweli,2010-12-02,2010-12-06,5,9.5
MAH_POL_20101223,MAH_POL,Mahaweli,2010-12-23,2011-01-28,37,32.27
MAH_POL_20110201,MAH_POL,Mahaweli,2011-02-01,2011-02-19,19,39.09
MAH_POL_20111220,MAH_POL,Mahaweli,2011-12-20,2011-12-20,1,7.32
MAH_POL_20111223,MAH_POL,Mahaweli,2011-12-23,2011-12-23,1,6.82
MAH_POL_20121029,MAH_POL,Mahaweli,2012-10-29,2012-10-30,2,13.29
MAH_POL_20121126,MAH_POL,Mahaweli,2012-11-26,2012-11-28,3,14.78
MAH_POL_20121222,MAH_POL,Mahaweli,2012-12-22,2012-12-27,6,7.2
MAH_POL_20130107,MAH_POL,Mahaweli,2013-01-07,2013-01-12,6,13.52
MAH_POL_20140115,MAH_POL,Mahaweli,2014-01-15,2014-01-17,3,13.59
MAH_POL_20141125,MAH_POL,Mahaweli,2014-11-25,2014-11-27,3,7.67
MAH_POL_20141220,MAH_POL,Mahaweli,2014-12-20,2015-01-06,18,25.73
MAH_POL_20151114,MAH_POL,Mahaweli,2015-11-14,2015-11-17,4,12.71
MAH_POL_20160515,MAH_POL,Mahaweli,2016-05-15,2016-05-16,2,10.32
MAH_POL_20181020,MAH_POL,Mahaweli,2018-10-20,2018-10-24,5,16.62
MAH_POL_20181105,MAH_POL,Mahaweli,2018-11-05,2018-11-14,10,24.06
MAH_POL_20201222,MAH_POL,Mahaweli,2020-12-22,2020-12-23,2,8.14
MAH_POL_20221226,MAH_POL,Mahaweli,2022-12-26,2022-12-26,1,7.79
MAH_POL_20231121,MAH_POL,Mahaweli,2023-11-21,2023-11-22,2,7.89
MAH_POL_20241105,MAH_POL,Mahaweli,2024-11-05,2024-11-05,1,7.69
MAH_POL_20241126,MAH_POL,Mahaweli,2024-11-26,2024-12-03,8,20.93
MAH_POL_20241219,MAH_POL,Mahaweli,2024-12-19,2024-12-21,3,11.36
MAH_VIC_20061027,MAH_VIC,Mahaweli,2006-10-27,2006-10-28,2,329.37
MAH_VIC_20061104,MAH_VIC,Mahaweli,2006-11-04,2006-11-09,6,343.35
MAH_VIC_20061113,MAH_VIC,Mahaweli,2006-11-13,2006-11-23,11,357.1
MAH_VIC_20080316,MAH_VIC,Mahaweli,2008-03-16,2008-03-16,1,313.05
MAH_VIC_20101203,MAH_VIC,Mahaweli,2010-12-03,2010-12-09,7,437.53
MAH_VIC_20101226,MAH_VIC,Mahaweli,2010-12-26,2010-12-26,1,316.69
MAH_VIC_20110109,MAH_VIC,Mahaweli,2011-01-09,2011-01-21,13,664.27
MAH_VIC_20110202,MAH_VIC,Mahaweli,2011-02-02,2011-02-11,10,577.1
MAH_VIC_20121030,MAH_VIC,Mahaweli,2012-10-30,2012-11-02,4,349.75
MAH_VIC_20121116,MAH_VIC,Mahaweli,2012-11-16,2012-11-17,2,318.89
MAH_VIC_20121128,MAH_VIC,Mahaweli,2012-11-28,2012-11-29,2,337.84
MAH_VIC_20130107,MAH_VIC,Mahaweli,2013-01-07,2013-01-11,5,509.5
MAH_VIC_20141220,MAH_VIC,Mahaweli,2014-12-20,2015-01-04,16,711.85
MAH_VIC_20151021,MAH_VIC,Mahaweli,2015-10-21,2015-11-17,28,723.44
MAH_VIC_20160517,MAH_VIC,Mahaweli,2016-05-17,2016-05-19,3,489.91
MAH_VIC_20181106,MAH_VIC,Mahaweli,2018-11-06,2018-11-12,7,593.29
MAH_VIC_20210114,MAH_VIC,Mahaweli,2021-01-14,2021-01-16,3,348.95
MAH_VIC_20211110,MAH_VIC,Mahaweli,2021-11-10,2021-11-11,2,323.34
MAH_VIC_20231020,MAH_VIC,Mahaweli,2023-10-20,2023-10-27,8,432.51
MAH_VIC_20231101,MAH_VIC,Mahaweli,2023-11-01,2023-11-16,16,372.25
MAH_VIC_20231121,MAH_VIC,Mahaweli,2023-11-21,2023-11-30,10,493.31
MAH_VIC_20231210,MAH_VIC,Mahaweli,2023-12-10,2023-12-13,4,367.13
MAH_VIC_20231219,MAH_VIC,Mahaweli,2023-12-19,2023-12-21,3,403.58
MAH_VIC_20241127,MAH_VIC,Mahaweli,2024-11-27,2024-12-02,6,534.8
MAL_ANU_20081206,MAL_ANU,MalwathuOya,2008-12-06,2008-12-09,4,4.55
MAL_ANU_20081218,MAL_ANU,MalwathuOya,2008-12-18,2008-12-22,5,3.86
MAL_ANU_20090106,MAL_ANU,MalwathuOya,2009-01-06,2009-01-08,3,5.0
MAL_ANU_20101202,MAL_ANU,MalwathuOya,2010-12-02,2010-12-13,12,3.88
MAL_ANU_20101224,MAL_ANU,MalwathuOya,2010-12-24,2011-01-24,32,14.24
MAL_ANU_20110202,MAL_ANU,MalwathuOya,2011-02-02,2011-02-17,16,13.49
MAL_ANU_20121029,MAL_ANU,MalwathuOya,2012-10-29,2012-10-30,2,2.91
MAL_ANU_20121126,MAL_ANU,MalwathuOya,2012-11-26,2012-11-28,3,5.1
MAL_ANU_20130107,MAL_ANU,MalwathuOya,2013-01-07,2013-01-11,5,3.84
MAL_ANU_20140115,MAL_ANU,MalwathuOya,2014-01-15,2014-01-17,3,6.4
MAL_ANU_20141128,MAL_ANU,MalwathuOya,2014-11-28,2014-11-28,1,1.89
MAL_ANU_20141221,MAL_ANU,MalwathuOya,2014-12-21,2015-01-03,14,4.18
MAL_ANU_20151114,MAL_ANU,MalwathuOya,2015-11-14,2015-11-23,10,4.87
MAL_ANU_20181106,MAL_ANU,MalwathuOya,2018-11-06,2018-11-12,7,3.75
MAL_ANU_20191029,MAL_ANU,MalwathuOya,2019-10-29,2019-10-31,3,2.49
MAL_ANU_20201202,MAL_ANU,MalwathuOya,2020-12-02,2020-12-02,1,2.55
MAL_ANU_20201223,MAL_ANU,MalwathuOya,2020-12-23,2020-12-23,1,2.06
MAL_ANU_20210112,MAL_ANU,MalwathuOya,2021-01-12,2021-01-15,4,2.14
MAL_ANU_20231121,MAL_ANU,MalwathuOya,2023-11-21,2023-11-29,9,3.62
MAL_ANU_20231203,MAL_ANU,MalwathuOya,2023-12-03,2023-12-04,2,2.03
MAL_ANU_20231211,MAL_ANU,MalwathuOya,2023-12-11,2023-12-13,3,2.26
MAL_ANU_20231217,MAL_ANU,MalwathuOya,2023-12-17,2023-12-18,2,2.2
MAL_ANU_20241126,MAL_ANU,MalwathuOya,2024-11-26,2024-12-03,8,14.45
MAL_ANU_20241217,MAL_ANU,MalwathuOya,2024-12-17,2024-12-20,4,2.62
MAL_MAN_20041106,MAL_MAN,MalwathuOya,2004-11-06,2004-11-06,1,2.74
MAL_MAN_20051114,MAL_MAN,MalwathuOya,2005-11-14,2005-11-14,1,3.03
MAL_MAN_20051121,MAL_MAN,MalwathuOya,2005-11-21,2005-11-27,7,3.1
MAL_MAN_20051210,MAL_MAN,MalwathuOya,2005-12-10,2005-12-20,11,9.07
MAL_MAN_20061122,MAL_MAN,MalwathuOya,2006-11-22,2006-11-23,2,3.23
MAL_MAN_20081124,MAL_MAN,MalwathuOya,2008-11-24,2008-12-11,18,8.42
MAL_MAN_20100109,MAL_MAN,MalwathuOya,2010-01-09,2010-01-09,1,2.83
MAL_MAN_20101203,MAL_MAN,MalwathuOya,2010-12-03,2010-12-14,12,5.78
MAL_MAN_20101228,MAL_MAN,MalwathuOya,2010-12-28,2011-01-18,22,4.94
MAL_MAN_20110203,MAL_MAN,MalwathuOya,2011-02-03,2011-02-09,7,4.61
MAL_MAN_20121029,MAL_MAN,MalwathuOya,2012-10-29,2012-10-29,1,2.78
MAL_MAN_20130109,MAL_MAN,MalwathuOya,2013-01-09,2013-01-11,3,3.36
MAL_MAN_20141126,MAL_MAN,MalwathuOya,2014-11-26,2014-12-05,10,5.12
MAL_MAN_20141229,MAL_MAN,MalwathuOya,2014-12-29,2014-12-31,3,3.09
MAL_MAN_20151114,MAL_MAN,MalwathuOya,2015-11-14,2015-11-23,10,4.6
MAL_MAN_20160516,MAL_MAN,MalwathuOya,2016-05-16,2016-05-17,2,3.62
MAL_MAN_20171204,MAL_MAN,MalwathuOya,2017-12-04,2017-12-04,1,2.78
MAL_MAN_20201202,MAL_MAN,MalwathuOya,2020-12-02,2020-12-06,5,5.14
MAL_MAN_20210111,MAL_MAN,MalwathuOya,2021-01-11,2021-01-17,7,4.48
MAL_MAN_20210129,MAL_MAN,MalwathuOya,2021-01-29,2021-01-30,2,3.06
MAL_MAN_20211110,MAL_MAN,MalwathuOya,2021-11-10,2021-11-11,2,3.07
MAL_MAN_20220410,MAL_MAN,MalwathuOya,2022-04-10,2022-04-10,1,3.38
MAL_MAN_20231121,MAL_MAN,MalwathuOya,2023-11-21,2023-11-27,7,4.86
MAL_MAN_20231203,MAL_MAN,MalwathuOya,2023-12-03,2023-12-07,5,3.41
MAL_MAN_20241126,MAL_MAN,MalwathuOya,2024-11-26,2024-12-07,12,6.94
MHO_GIR_20040926,MHO_GIR,MahaOya,2004-09-26,2004-09-27,2,40.02
MHO_GIR_20041019,MHO_GIR,MahaOya,2004-10-19,2004-10-20,2,43.67
MHO_GIR_20061025,MHO_GIR,MahaOya,2006-10-25,2006-11-24,31,77.16
MHO_GIR_20081019,MHO_GIR,MahaOya,2008-10-19,2008-10-23,5,60.24
MHO_GIR_20101225,MHO_GIR,MahaOya,2010-12-25,2010-12-26,2,41.07
MHO_GIR_20110109,MHO_GIR,MahaOya,2011-01-09,2011-01-10,2,41.27
MHO_GIR_20110113,MHO_GIR,MahaOya,2011-01-13,2011-01-15,3,47.19
MHO_GIR_20110203,MHO_GIR,MahaOya,2011-02-03,2011-02-05,3,46.21
MHO_GIR_20121127,MHO_GIR,MahaOya,2012-11-27,2012-11-28,2,49.93
MHO_GIR_20130107,MHO_GIR,MahaOya,2013-01-07,2013-01-07,1,38.81
MHO_GIR_20131123,MHO_GIR,MahaOya,2013-11-23,2013-11-23,1,45.67
MHO_GIR_20141026,MHO_GIR,MahaOya,2014-10-26,2014-10-26,1,37.55
MHO_GIR_20141221,MHO_GIR,MahaOya,2014-12-21,2014-12-30,10,59.39
MHO_GIR_20151013,MHO_GIR,MahaOya,2015-10-13,2015-10-15,3,52.7
MHO_GIR_20151018,MHO_GIR,MahaOya,2015-10-18,2015-11-18,32,91.68
MHO_GIR_20160515,MHO_GIR,MahaOya,2016-05-15,2016-05-21,7,324.84
MHO_GIR_20171031,MHO_GIR,MahaOya,2017-10-31,2017-10-31,1,39.55
MHO_GIR_20171104,MHO_GIR,MahaOya,2017-11-04,2017-11-06,3,45.03
MHO_GIR_20191016,MHO_GIR,MahaOya,2019-10-16,2019-10-23,8,46.32
MHO_GIR_20211108,MHO_GIR,MahaOya,2021-11-08,2021-11-18,11,61.52
MHO_GIR_20231021,MHO_GIR,MahaOya,2023-10-21,2023-10-25,5,61.52
MHO_GIR_20231112,MHO_GIR,MahaOya,2023-11-12,2023-11-14,3,38.17
MHO_GIR_20231121,MHO_GIR,MahaOya,2023-11-21,2023-11-26,6,49.93
MHO_GIR_20241126,MHO_GIR,MahaOya,2024-11-26,2024-12-02,7,57.34
MHO_MOU_20040926,MHO_MOU,MahaOya,2004-09-26,2004-09-29,4,66.14
MHO_MOU_20051122,MHO_MOU,MahaOya,2005-11-22,2005-11-26,5,59.81
MHO_MOU_20061024,MHO_MOU,MahaOya,2006-10-24,2006-11-24,32,114.08
MHO_MOU_20081019,MHO_MOU,MahaOya,2008-10-19,2008-10-27,9,70.61
MHO_MOU_20101203,MHO_MOU,MahaOya,2010-12-03,2010-12-05,3,50.4
MHO_MOU_20101208,MHO_MOU,MahaOya,2010-12-08,2010-12-11,4,50.76
MHO_MOU_20110114,MHO_MOU,MahaOya,2011-01-14,2011-01-14,1,45.77
MHO_MOU_20121030,MHO_MOU,MahaOya,2012-10-30,2012-11-02,4,48.43
MHO_MOU_20141222,MHO_MOU,MahaOya,2014-12-22,2014-12-30,9,73.13
MHO_MOU_20151018,MHO_MOU,MahaOya,2015-10-18,2015-11-10,24,113.55
MHO_MOU_20151115,MHO_MOU,MahaOya,2015-11-15,2015-11-17,3,49.7
MHO_MOU_20160515,MHO_MOU,MahaOya,2016-05-15,2016-05-23,9,257.82
MHO_MOU_20171105,MHO_MOU,MahaOya,2017-11-05,2017-11-07,3,50.17
MHO_MOU_20191020,MHO_MOU,MahaOya,2019-10-20,2019-10-26,7,61.09
MHO_MOU_20191030,MHO_MOU,MahaOya,2019-10-30,2019-10-30,1,45.24
MHO_MOU_20210114,MHO_MOU,MahaOya,2021-01-14,2021-01-14,1,48.2
MHO_MOU_20211108,MHO_MOU,MahaOya,2021-11-08,2021-11-21,14,111.2
MHO_MOU_20231020,MHO_MOU,MahaOya,2023-10-20,2023-10-27,8,79.72
MHO_MOU_20231101,MHO_MOU,MahaOya,2023-11-01,2023-11-15,15,60.52
MHO_MOU_20231121,MHO_MOU,MahaOya,2023-11-21,2023-11-26,6,60.09
MHO_MOU_20240527,MHO_MOU,MahaOya,2024-05-27,2024-05-28,2,48.66
MHO_MOU_20241127,MHO_MOU,MahaOya,2024-11-27,2024-12-03,7,73.82
NIL_AKU_20051123,NIL_AKU,Nilwala,2005-11-23,2005-11-24,2,4.28
NIL_AKU_20061112,NIL_AKU,Nilwala,2006-11-12,2006-11-14,3,4.05
NIL_AKU_20061118,NIL_AKU,Nilwala,2006-11-18,2006-11-27,10,4.7
NIL_AKU_20101201,NIL_AKU,Nilwala,2010-12-01,2010-12-12,12,5.0
NIL_AKU_20101224,NIL_AKU,Nilwala,2010-12-24,2010-12-26,3,3.99
NIL_AKU_20121031,NIL_AKU,Nilwala,2012-10-31,2012-11-04,5,4.27
NIL_AKU_20121107,NIL_AKU,Nilwala,2012-11-07,2012-11-19,13,4.81
NIL_AKU_20121123,NIL_AKU,Nilwala,2012-11-23,2012-11-30,8,4.97
NIL_AKU_20141111,NIL_AKU,Nilwala,2014-11-11,2014-11-14,4,4.56
NIL_AKU_20141224,NIL_AKU,Nilwala,2014-12-24,2015-01-02,10,7.49
NIL_AKU_20151024,NIL_AKU,Nilwala,2015-10-24,2015-11-20,28,7.45
NIL_AKU_20160514,NIL_AKU,Nilwala,2016-05-14,2016-05-20,7,6.66
NIL_AKU_20171130,NIL_AKU,Nilwala,2017-11-30,2017-12-05,6,5.24
NIL_AKU_20191020,NIL_AKU,Nilwala,2019-10-20,2019-11-04,16,7.81
NIL_AKU_20231021,NIL_AKU,Nilwala,2023-10-21,2023-10-27,7,4.92
NIL_AKU_20231105,NIL_AKU,Nilwala,2023-11-05,2023-12-06,32,4.75
NIL_AKU_20231212,NIL_AKU,Nilwala,2023-12-12,2023-12-25,14,6.05
NIL_AKU_20240527,NIL_AKU,Nilwala,2024-05-27,2024-05-27,1,3.86
NIL_MAT_20031107,NIL_MAT,Nilwala,2003-11-07,2003-11-07,1,1.68
NIL_MAT_20041029,NIL_MAT,Nilwala,2004-10-29,2004-10-30,2,2.1
NIL_MAT_20041212,NIL_MAT,Nilwala,2004-12-12,2004-12-13,2,1.48
NIL_MAT_20041216,NIL_MAT,Nilwala,2004-12-16,2004-12-17,2,2.79
NIL_MAT_20051121,NIL_MAT,Nilwala,2005-11-21,2005-11-24,4,3.08
NIL_MAT_20060113,NIL_MAT,Nilwala,2006-01-13,2006-01-14,2,2.06
NIL_MAT_20060620,NIL_MAT,Nilwala,2006-06-20,2006-06-22,3,2.44
NIL_MAT_20060909,NIL_MAT,Nilwala,2006-09-09,2006-09-10,2,2.31
NIL_MAT_20061026,NIL_MAT,Nilwala,2006-10-26,2006-10-27,2,1.54
NIL_MAT_20061111,NIL_MAT,Nilwala,2006-11-11,2006-11-12,2,1.6
NIL_MAT_20061119,NIL_MAT,Nilwala,2006-11-19,2006-11-21,3,1.9
NIL_MAT_20061203,NIL_MAT,Nilwala,2006-12-03,2006-12-04,2,1.64
NIL_MAT_20080316,NIL_MAT,Nilwala,2008-03-16,2008-03-18,3,1.9
NIL_MAT_20080427,NIL_MAT,Nilwala,2008-04-27,2008-04-28,2,1.47
NIL_MAT_20081020,NIL_MAT,Nilwala,2008-10-20,2008-10-20,1,1.7
NIL_MAT_20081129,NIL_MAT,Nilwala,2008-11-29,2008-11-29,1,2.37
NIL_MAT_20081218,NIL_MAT,Nilwala,2008-12-18,2008-12-18,1,1.42
NIL_MAT_20091102,NIL_MAT,Nilwala,2009-11-02,2009-11-09,8,2.08
NIL_MAT_20091114,NIL_MAT,Nilwala,2009-11-14,2009-11-14,1,1.51
NIL_MAT_20091120,NIL_MAT,Nilwala,2009-11-20,2009-11-21,2,1.67
NIL_MAT_20100520,NIL_MAT,Nilwala,2010-05-20,2010-05-20,1,1.59
NIL_MAT_20101122,NIL_MAT,Nilwala,2010-11-22,2010-11-22,1,1.42
NIL_MAT_20101201,NIL_MAT,Nilwala,2010-12-01,2010-12-03,3,1.63
NIL_MAT_20101209,NIL_MAT,Nilwala,2010-12-09,2010-12-09,1,1.65
NIL_MAT_20101223,NIL_MAT,Nilwala,2010-12-23,2010-12-26,4,1.9
NIL_MAT_20110201,NIL_MAT,Nilwala,2011-02-01,2011-02-01,1,1.72
NIL_MAT_20110912,NIL_MAT,Nilwala,2011-09-12,2011-09-13,2,2.1
NIL_MAT_20111125,NIL_MAT,Nilwala,2011-11-25,2011-11-27,3,1.77
NIL_MAT_20111220,NIL_MAT,Nilwala,2011-12-20,2011-12-20,1,1.45
NIL_MAT_20121028,NIL_MAT,Nilwala,2012-10-28,2012-11-02,6,2.43
NIL_MAT_20121115,NIL_MAT,Nilwala,2012-11-15,2012-11-15,1,1.46
NIL_MAT_20140505,NIL_MAT,Nilwala,2014-05-05,2014-05-05,1,1.97
NIL_MAT_20141017,NIL_MAT,Nilwala,2014-10-17,2014-10-18,2,1.67
NIL_MAT_20141222,NIL_MAT,Nilwala,2014-12-22,2014-12-28,7,6.06
NIL_MAT_20150929,NIL_MAT,Nilwala,2015-09-29,2015-09-30,2,2.16
NIL_MAT_20151024,NIL_MAT,Nilwala,2015-10-24,2015-10-28,5,2.88
NIL_MAT_20151106,NIL_MAT,Nilwala,2015-11-06,2015-11-14,9,2.39
NIL_MAT_20151208,NIL_MAT,Nilwala,2015-12-08,2015-12-09,2,2.34
NIL_MAT_20160513,NIL_MAT,Nilwala,2016-05-13,2016-05-19,7,4.9
NIL_MAT_20161118,NIL_MAT,Nilwala,2016-11-18,2016-11-21,4,2.61
NIL_MAT_20171106,NIL_MAT,Nilwala,2017-11-06,2017-11-09,4,1.99
NIL_MAT_20171128,NIL_MAT,Nilwala,2017-11-28,2017-12-02,5,3.66
NIL_MAT_20180311,NIL_MAT,Nilwala,2018-03-11,2018-03-12,2,1.62
NIL_MAT_20190925,NIL_MAT,Nilwala,2019-09-25,2019-09-25,1,1.97
NIL_MAT_20191020,NIL_MAT,Nilwala,2019-10-20,2019-10-25,6,6.33
NIL_MAT_20191029,NIL_MAT,Nilwala,2019-10-29,2019-10-30,2,2.33
NIL_MAT_20191130,NIL_MAT,Nilwala,2019-11-30,2019-11-30,1,1.74
NIL_MAT_20191205,NIL_MAT,Nilwala,2019-12-05,2019-12-05,1,1.74
NIL_MAT_20191220,NIL_MAT,Nilwala,2019-12-20,2019-12-20,1,1.99
NIL_MAT_20201116,NIL_MAT,Nilwala,2020-11-16,2020-11-16,1,1.48
NIL_MAT_20220514,NIL_MAT,Nilwala,2022-05-14,2022-05-14,1,1.47
NIL_MAT_20221226,NIL_MAT,Nilwala,2022-12-26,2022-12-27,2,3.18
NIL_MAT_20230121,NIL_MAT,Nilwala,2023-01-21,2023-01-22,2,2.66
NIL_MAT_20230429,NIL_MAT,Nilwala,2023-04-29,2023-04-29,1,1.47
NIL_MAT_20230902,NIL_MAT,Nilwala,2023-09-02,2023-09-05,4,3.2
NIL_MAT_20230928,NIL_MAT,Nilwala,2023-09-28,2023-09-30,3,2.23
NIL_MAT_20231004,NIL_MAT,Nilwala,2023-10-04,2023-10-04,1,1.46
NIL_MAT_20231020,NIL_MAT,Nilwala,2023-10-20,2023-10-21,2,2.26
NIL_MAT_20231121,NIL_MAT,Nilwala,2023-11-21,2023-11-21,1,1.78
NIL_MAT_20231205,NIL_MAT,Nilwala,2023-12-05,2023-12-05,1,1.51
NIL_MAT_20231216,NIL_MAT,Nilwala,2023-12-16,2023-12-19,4,1.91
NIL_MAT_20240519,NIL_MAT,Nilwala,2024-05-19,2024-05-27,9,2.18
NIL_MAT_20240821,NIL_MAT,Nilwala,2024-08-21,2024-08-21,1,2.05
NIL_PIT_20051122,NIL_PIT,Nilwala,2005-11-22,2005-11-25,4,15.29
NIL_PIT_20061111,NIL_PIT,Nilwala,2006-11-11,2006-11-25,15,11.88
NIL_PIT_20080410,NIL_PIT,Nilwala,2008-04-10,2008-04-10,1,8.75
NIL_PIT_20081130,NIL_PIT,Nilwala,2008-11-30,2008-11-30,1,8.89
NIL_PIT_20101110,NIL_PIT,Nilwala,2010-11-10,2010-11-11,2,16.14
NIL_PIT_20101202,NIL_PIT,Nilwala,2010-12-02,2010-12-05,4,10.22
NIL_PIT_20101223,NIL_PIT,Nilwala,2010-12-23,2010-12-28,6,11.08
NIL_PIT_20110102,NIL_PIT,Nilwala,2011-01-02,2011-01-04,3,9.05
NIL_PIT_20110107,NIL_PIT,Nilwala,2011-01-07,2011-01-12,6,10.94
NIL_PIT_20121115,NIL_PIT,Nilwala,2012-11-15,2012-11-18,4,10.3
NIL_PIT_20121123,NIL_PIT,Nilwala,2012-11-23,2012-12-01,9,15.98
NIL_PIT_20131204,NIL_PIT,Nilwala,2013-12-04,2013-12-05,2,9.47
NIL_PIT_20141016,NIL_PIT,Nilwala,2014-10-16,2014-10-19,4,9.72
NIL_PIT_20141111,NIL_PIT,Nilwala,2014-11-11,2014-11-14,4,18.01
NIL_PIT_20141223,NIL_PIT,Nilwala,2014-12-23,2015-01-01,10,16.22
NIL_PIT_20151024,NIL_PIT,Nilwala,2015-10-24,2015-11-18,26,30.48
NIL_PIT_20160513,NIL_PIT,Nilwala,2016-05-13,2016-05-17,5,22.01
NIL_PIT_20171130,NIL_PIT,Nilwala,2017-11-30,2017-12-03,4,11.08
NIL_PIT_20191020,NIL_PIT,Nilwala,2019-10-20,2019-10-23,4,13.22
NIL_PIT_20191029,NIL_PIT,Nilwala,2019-10-29,2019-10-31,3,9.5
NIL_PIT_20231023,NIL_PIT,Nilwala,2023-10-23,2023-10-25,3,9.79
NIL_PIT_20231111,NIL_PIT,Nilwala,2023-11-11,2023-11-14,4,12.52
NIL_PIT_20231123,NIL_PIT,Nilwala,2023-11-23,2023-11-26,4,10.86
NIL_PIT_20231201,NIL_PIT,Nilwala,2023-12-01,2023-12-06,6,12.15
NIL_PIT_20231212,NIL_PIT,Nilwala,2023-12-12,2023-12-14,3,9.02
NIL_PIT_20231217,NIL_PIT,Nilwala,2023-12-17,2023-12-17,1,8.75
NIL_PIT_20231221,NIL_PIT,Nilwala,2023-12-21,2023-12-22,2,9.23
NIL_PIT_20240108,NIL_PIT,Nilwala,2024-01-08,2024-01-08,1,9.3
NIL_URA_20051122,NIL_URA,Nilwala,2005-11-22,2005-11-28,7,6.43
NIL_URA_20061112,NIL_URA,Nilwala,2006-11-12,2006-11-25,14,5.25
NIL_URA_20081130,NIL_URA,Nilwala,2008-11-30,2008-11-30,1,4.56
NIL_URA_20101202,NIL_URA,Nilwala,2010-12-02,2010-12-06,5,4.98
NIL_URA_20101210,NIL_URA,Nilwala,2010-12-10,2010-12-10,1,4.15
NIL_URA_20101224,NIL_URA,Nilwala,2010-12-24,2010-12-29,6,4.53
NIL_URA_20110102,NIL_URA,Nilwala,2011-01-02,2011-01-12,11,5.24
NIL_URA_20121116,NIL_URA,Nilwala,2012-11-16,2012-11-18,3,4.79
NIL_URA_20121123,NIL_URA,Nilwala,2012-11-23,2012-12-01,9,5.78
NIL_URA_20141111,NIL_URA,Nilwala,2014-11-11,2014-11-14,4,5.44
NIL_URA_20141224,NIL_URA,Nilwala,2014-12-24,2015-01-02,10,9.35
NIL_URA_20151024,NIL_URA,Nilwala,2015-10-24,2015-11-17,25,11.76
NIL_URA_20160514,NIL_URA,Nilwala,2016-05-14,2016-05-20,7,7.09
NIL_URA_20171110,NIL_URA,Nilwala,2017-11-10,2017-11-10,1,4.12
NIL_URA_20171130,NIL_URA,Nilwala,2017-11-30,2017-12-06,7,5.81
NIL_URA_20191020,NIL_URA,Nilwala,2019-10-20,2019-11-02,14,7.47
NIL_URA_20231021,NIL_URA,Nilwala,2023-10-21,2023-10-26,6,5.37
NIL_URA_20231105,NIL_URA,Nilwala,2023-11-05,2023-11-10,6,4.27
NIL_URA_20231113,NIL_URA,Nilwala,2023-11-13,2023-11-16,4,5.84
NIL_URA_20231121,NIL_URA,Nilwala,2023-11-21,2023-11-26,6,4.78
NIL_URA_20231130,NIL_URA,Nilwala,2023-11-30,2023-12-06,7,5.5
NIL_URA_20231219,NIL_URA,Nilwala,2023-12-19,2023-12-21,3,4.31
NIL_URA_20240108,NIL_URA,Nilwala,2024-01-08,2024-01-08,1,4.22
WAL_AMB_20041213,WAL_AMB,Walawe,2004-12-13,2004-12-18,6,4.3
WAL_AMB_20051122,WAL_AMB,Walawe,2005-11-22,2005-11-25,4,9.89
WAL_AMB_20061119,WAL_AMB,Walawe,2006-11-19,2006-11-22,4,2.98
WAL_AMB_20061204,WAL_AMB,Walawe,2006-12-04,2006-12-04,1,2.33
WAL_AMB_20080316,WAL_AMB,Walawe,2008-03-16,2008-03-18,3,2.62
WAL_AMB_20081129,WAL_AMB,Walawe,2008-11-29,2008-12-01,3,5.5
WAL_AMB_20081217,WAL_AMB,Walawe,2008-12-17,2008-12-19,3,3.49
WAL_AMB_20091103,WAL_AMB,Walawe,2009-11-03,2009-11-06,4,3.43
WAL_AMB_20091115,WAL_AMB,Walawe,2009-11-15,2009-11-15,1,2.27
WAL_AMB_20091120,WAL_AMB,Walawe,2009-11-20,2009-11-22,3,2.71
WAL_AMB_20101122,WAL_AMB,Walawe,2010-11-22,2010-11-24,3,4.05
WAL_AMB_20101202,WAL_AMB,Walawe,2010-12-02,2010-12-04,3,3.06
WAL_AMB_20101223,WAL_AMB,Walawe,2010-12-23,2010-12-27,5,7.26
WAL_AMB_20110107,WAL_AMB,Walawe,2011-01-07,2011-01-12,6,3.22
WAL_AMB_20110201,WAL_AMB,Walawe,2011-02-01,2011-02-03,3,4.31
WAL_AMB_20111125,WAL_AMB,Walawe,2011-11-25,2011-11-27,3,2.92
WAL_AMB_20111219,WAL_AMB,Walawe,2011-12-19,2011-12-26,8,5.27
WAL_AMB_20121115,WAL_AMB,Walawe,2012-11-15,2012-11-18,4,3.61
WAL_AMB_20141015,WAL_AMB,Walawe,2014-10-15,2014-10-15,1,2.29
WAL_AMB_20141218,WAL_AMB,Walawe,2014-12-18,2014-12-19,2,2.36
WAL_AMB_20141222,WAL_AMB,Walawe,2014-12-22,2015-01-05,15,15.37
WAL_AMB_20151024,WAL_AMB,Walawe,2015-10-24,2015-10-28,5,6.08
WAL_AMB_20151102,WAL_AMB,Walawe,2015-11-02,2015-11-03,2,2.57
WAL_AMB_20151108,WAL_AMB,Walawe,2015-11-08,2015-11-10,3,2.86
WAL_AMB_20151113,WAL_AMB,Walawe,2015-11-13,2015-11-14,2,2.55
WAL_AMB_20160514,WAL_AMB,Walawe,2016-05-14,2016-05-19,6,12.49
WAL_AMB_20171128,WAL_AMB,Walawe,2017-11-28,2017-12-05,8,6.91
WAL_AMB_20191020,WAL_AMB,Walawe,2019-10-20,2019-10-20,1,2.43
WAL_AMB_20191029,WAL_AMB,Walawe,2019-10-29,2019-11-02,5,4.83
WAL_AMB_20191129,WAL_AMB,Walawe,2019-11-29,2019-12-01,3,2.72
WAL_AMB_20191204,WAL_AMB,Walawe,2019-12-04,2019-12-06,3,2.72
WAL_AMB_20191220,WAL_AMB,Walawe,2019-12-20,2019-12-23,4,4.56
WAL_AMB_20201221,WAL_AMB,Walawe,2020-12-21,2020-12-21,1,2.52
WAL_AMB_20221226,WAL_AMB,Walawe,2022-12-26,2022-12-27,2,5.08
WAL_AMB_20230121,WAL_AMB,Walawe,2023-01-21,2023-01-22,2,4.71
WAL_AMB_20231020,WAL_AMB,Walawe,2023-10-20,2023-10-25,6,2.85
WAL_AMB_20231104,WAL_AMB,Walawe,2023-11-04,2023-11-10,7,2.92
WAL_AMB_20231113,WAL_AMB,Walawe,2023-11-13,2023-12-05,23,4.5
WAL_AMB_20231216,WAL_AMB,Walawe,2023-12-16,2023-12-22,7,3.79
WAL_AMB_20240108,WAL_AMB,Walawe,2024-01-08,2024-01-12,5,4.28
WAL_EMB_20051122,WAL_EMB,Walawe,2005-11-22,2005-11-22,1,362.92
WAL_EMB_20061111,WAL_EMB,Walawe,2006-11-11,2006-11-15,5,468.89
WAL_EMB_20061118,WAL_EMB,Walawe,2006-11-18,2006-11-21,4,382.71
WAL_EMB_20101110,WAL_EMB,Walawe,2010-11-10,2010-11-11,2,368.83
WAL_EMB_20101203,WAL_EMB,Walawe,2010-12-03,2010-12-06,4,444.66
WAL_EMB_20101223,WAL_EMB,Walawe,2010-12-23,2010-12-29,7,526.23
WAL_EMB_20110101,WAL_EMB,Walawe,2011-01-01,2011-01-21,21,898.5
WAL_EMB_20110201,WAL_EMB,Walawe,2011-02-01,2011-02-03,3,449.82
WAL_EMB_20110207,WAL_EMB,Walawe,2011-02-07,2011-02-11,5,405.44
WAL_EMB_20121028,WAL_EMB,Walawe,2012-10-28,2012-10-29,2,526.23
WAL_EMB_20121115,WAL_EMB,Walawe,2012-11-15,2012-11-25,11,644.65
WAL_EMB_20130107,WAL_EMB,Walawe,2013-01-07,2013-01-08,2,396.19
WAL_EMB_20131204,WAL_EMB,Walawe,2013-12-04,2013-12-05,2,372.25
WAL_EMB_20141015,WAL_EMB,Walawe,2014-10-15,2014-10-17,3,750.62
WAL_EMB_20141222,WAL_EMB,Walawe,2014-12-22,2015-01-02,12,752.36
WAL_EMB_20151024,WAL_EMB,Walawe,2015-10-24,2015-11-15,23,736.9
WAL_EMB_20160514,WAL_EMB,Walawe,2016-05-14,2016-05-16,3,647.63
WAL_EMB_20171130,WAL_EMB,Walawe,2017-11-30,2017-12-01,2,357.92
WAL_EMB_20181105,WAL_EMB,Walawe,2018-11-05,2018-11-08,4,437.53
WAL_EMB_20231025,WAL_EMB,Walawe,2023-10-25,2023-10-27,3,420.7
WAL_EMB_20231105,WAL_EMB,Walawe,2023-11-05,2023-11-11,7,386.26
WAL_EMB_20231114,WAL_EMB,Walawe,2023-11-14,2023-11-15,2,415.87
WAL_EMB_20231121,WAL_EMB,Walawe,2023-11-21,2023-11-25,5,391.65
WAL_EMB_20231201,WAL_EMB,Walawe,2023-12-01,2023-12-01,1,366.28
WAL_EMB_20231219,WAL_EMB,Walawe,2023-12-19,2023-12-20,2,377.44
WAL_UDA_20051122,WAL_UDA,Walawe,2005-11-22,2005-11-24,3,15.48
WAL_UDA_20061111,WAL_UDA,Walawe,2006-11-11,2006-11-12,2,7.07
WAL_UDA_20061119,WAL_UDA,Walawe,2006-11-19,2006-11-20,2,6.62
WAL_UDA_20081129,WAL_UDA,Walawe,2008-11-29,2008-12-01,3,11.59
WAL_UDA_20101110,WAL_UDA,Walawe,2010-11-10,2010-11-11,2,13.52
WAL_UDA_20101122,WAL_UDA,Walawe,2010-11-22,2010-11-22,1,7.09
WAL_UDA_20101203,WAL_UDA,Walawe,2010-12-03,2010-12-06,4,9.21
WAL_UDA_20101223,WAL_UDA,Walawe,2010-12-23,2011-01-22,31,21.96
WAL_UDA_20110201,WAL_UDA,Walawe,2011-02-01,2011-02-04,4,11.94
WAL_UDA_20111220,WAL_UDA,Walawe,2011-12-20,2011-12-20,1,6.78
WAL_UDA_20121028,WAL_UDA,Walawe,2012-10-28,2012-10-28,1,9.28
WAL_UDA_20121115,WAL_UDA,Walawe,2012-11-15,2012-11-27,13,13.35
WAL_UDA_20130107,WAL_UDA,Walawe,2013-01-07,2013-01-08,2,8.42
WAL_UDA_20141015,WAL_UDA,Walawe,2014-10-15,2014-10-16,2,14.21
WAL_UDA_20141222,WAL_UDA,Walawe,2014-12-22,2015-01-05,15,20.48
WAL_UDA_20151024,WAL_UDA,Walawe,2015-10-24,2015-11-15,23,19.14
WAL_UDA_20160514,WAL_UDA,Walawe,2016-05-14,2016-05-16,3,16.58
WAL_UDA_20171201,WAL_UDA,Walawe,2017-12-01,2017-12-01,1,6.59
WAL_UDA_20181106,WAL_UDA,Walawe,2018-11-06,2018-11-06,1,6.6
WAL_UDA_20181119,WAL_UDA,Walawe,2018-11-19,2018-11-19,1,6.59
WAL_UDA_20221226,WAL_UDA,Walawe,2022-12-26,2022-12-28,3,11.27
WAL_UDA_20231025,WAL_UDA,Walawe,2023-10-25,2023-10-27,3,8.12
WAL_UDA_20231105,WAL_UDA,Walawe,2023-11-05,2023-11-26,22,8.93
WAL_UDA_20231129,WAL_UDA,Walawe,2023-11-29,2023-12-07,9,8.79
WAL_UDA_20231219,WAL_UDA,Walawe,2023-12-19,2023-12-20,2,9.12
WAL_UDA_20240108,WAL_UDA,Walawe,2024-01-08,2024-01-08,1,7.63
YAN_HOR_20081207,YAN_HOR,YanOya,2008-12-07,2008-12-08,2,16.99
YAN_HOR_20081219,YAN_HOR,YanOya,2008-12-19,2008-12-21,3,19.28
YAN_HOR_20101204,YAN_HOR,YanOya,2010-12-04,2010-12-12,9,28.17
YAN_HOR_20101224,YAN_HOR,YanOya,2010-12-24,2011-01-24,32,54.34
YAN_HOR_20110202,YAN_HOR,YanOya,2011-02-02,2011-02-20,19,80.66
YAN_HOR_20121029,YAN_HOR,YanOya,2012-10-29,2012-11-02,5,26.48
YAN_HOR_20130108,YAN_HOR,YanOya,2013-01-08,2013-01-13,6,22.39
YAN_HOR_20141221,YAN_HOR,YanOya,2014-12-21,2015-01-07,18,47.87
YAN_HOR_20151114,YAN_HOR,YanOya,2015-11-14,2015-11-26,13,38.17
YAN_HOR_20151209,YAN_HOR,YanOya,2015-12-09,2015-12-09,1,16.18
YAN_HOR_20171204,YAN_HOR,YanOya,2017-12-04,2017-12-06,3,16.22
YAN_HOR_20181106,YAN_HOR,YanOya,2018-11-06,2018-11-14,9,29.41
YAN_HOR_20201223,YAN_HOR,YanOya,2020-12-23,2020-12-29,7,23.77
YAN_HOR_20210112,YAN_HOR,YanOya,2021-01-12,2021-01-18,7,22.66
YAN_HOR_20210130,YAN_HOR,YanOya,2021-01-30,2021-02-02,4,19.28
YAN_HOR_20231124,YAN_HOR,YanOya,2023-11-24,2023-11-24,1,17.58
YAN_HOR_20231203,YAN_HOR,YanOya,2023-12-03,2023-12-04,2,17.84
YAN_HOR_20241126,YAN_HOR,YanOya,2024-11-26,2024-12-05,10,37.9
YAN_HOR_20241218,YAN_HOR,YanOya,2024-12-18,2024-12-22,5,23.95
